name;url
Bulbasaur.png;https://assets.pokemon.com/assets/cms2/img/pokedex/full/001.png
Ivysaur.png;https://assets.pokemon.com/assets/cms2/img/pokedex/full/002.png
Venusaur.png;https://assets.pokemon.com/assets/cms2/img/pokedex/full/003.png
Mega Venusaur.png;https://assets.pokemon.com/assets/cms2/img/pokedex/full/003_f2.png
Gigantamax Venusaur.png;https://assets.pokemon.com/assets/cms2/img/pokedex/full/003_f3.png
Charmander.png;https://assets.pokemon.com/assets/cms2/img/pokedex/full/004.png
Charmeleon.png;https://assets.pokemon.com/assets/cms2/img/pokedex/full/005.png
Charizard.png;https://assets.pokemon.com/assets/cms2/img/pokedex/full/006.png
Mega Charizard X.png;https://assets.pokemon.com/assets/cms2/img/pokedex/full/006_f2.png
Mega Charizard Y.png;https://assets.pokemon.com/assets/cms2/img/pokedex/full/006_f3.png
Gigantamax Charizard.png;https://assets.pokemon.com/assets/cms2/img/pokedex/full/006_f4.png
Squirtle.png;https://assets.pokemon.com/assets/cms2/img/pokedex/full/007.png
Wartortle.png;https://assets.pokemon.com/assets/cms2/img/pokedex/full/008.png
Blastoise.png;https://assets.pokemon.com/assets/cms2/img/pokedex/full/009.png
Mega Blastoise.png;https://assets.pokemon.com/assets/cms2/img/pokedex/full/009_f2.png
Gigantamax Blasoise.png;https://assets.pokemon.com/assets/cms2/img/pokedex/full/009_f3.png
Caterpie.png;https://assets.pokemon.com/assets/cms2/img/pokedex/full/010.png
Metapod.png;https://assets.pokemon.com/assets/cms2/img/pokedex/full/011.png
Butterfree.png;https://assets.pokemon.com/assets/cms2/img/pokedex/full/012.png
Gigantamax Butterfree.png;https://assets.pokemon.com/assets/cms2/img/pokedex/full/012_f2.png
Weedle.png;https://assets.pokemon.com/assets/cms2/img/pokedex/full/013.png
Kakuna.png;https://assets.pokemon.com/assets/cms2/img/pokedex/full/014.png
Beedrill.png;https://assets.pokemon.com/assets/cms2/img/pokedex/full/015.png
Mega Beedrill.png;https://assets.pokemon.com/assets/cms2/img/pokedex/full/015_f2.png
Pidgey.png;https://assets.pokemon.com/assets/cms2/img/pokedex/full/016.png
Pidgeotto.png;https://assets.pokemon.com/assets/cms2/img/pokedex/full/017.png
Pidgeot.png;https://assets.pokemon.com/assets/cms2/img/pokedex/full/018.png
Mega Pidgeot.png;https://assets.pokemon.com/assets/cms2/img/pokedex/full/018_f2.png
Rattata.png;https://assets.pokemon.com/assets/cms2/img/pokedex/full/019.png
Alolan Rattata.png;https://assets.pokemon.com/assets/cms2/img/pokedex/full/019_f2.png
Raticate.png;https://assets.pokemon.com/assets/cms2/img/pokedex/full/020.png
Alolan Raticate.png;https://assets.pokemon.com/assets/cms2/img/pokedex/full/020_f2.png
Spearow.png;https://assets.pokemon.com/assets/cms2/img/pokedex/full/021.png
Fearow.png;https://assets.pokemon.com/assets/cms2/img/pokedex/full/022.png
Ekans.png;https://assets.pokemon.com/assets/cms2/img/pokedex/full/023.png
Arbok.png;https://assets.pokemon.com/assets/cms2/img/pokedex/full/024.png
Pikachu.png;https://assets.pokemon.com/assets/cms2/img/pokedex/full/025.png
Gigantamax Pikachu.png;https://assets.pokemon.com/assets/cms2/img/pokedex/full/025_f2.png
Raichu.png;https://assets.pokemon.com/assets/cms2/img/pokedex/full/026.png
Alolan Raichu.png;https://assets.pokemon.com/assets/cms2/img/pokedex/full/026_f2.png
Sandshrew.png;https://assets.pokemon.com/assets/cms2/img/pokedex/full/027.png
Alolan Sandshrew.png;https://assets.pokemon.com/assets/cms2/img/pokedex/full/027_f2.png
Sandslash.png;https://assets.pokemon.com/assets/cms2/img/pokedex/full/028.png
Alolan Sandslash.png;https://assets.pokemon.com/assets/cms2/img/pokedex/full/028_f2.png
Nidoranâ™€.png;https://assets.pokemon.com/assets/cms2/img/pokedex/full/029.png
Nidorina.png;https://assets.pokemon.com/assets/cms2/img/pokedex/full/030.png
Nidoqueen.png;https://assets.pokemon.com/assets/cms2/img/pokedex/full/031.png
Nidoranâ™‚.png;https://assets.pokemon.com/assets/cms2/img/pokedex/full/032.png
Nidorino.png;https://assets.pokemon.com/assets/cms2/img/pokedex/full/033.png
Nidoking.png;https://assets.pokemon.com/assets/cms2/img/pokedex/full/034.png
Clefairy.png;https://assets.pokemon.com/assets/cms2/img/pokedex/full/035.png
Clefable.png;https://assets.pokemon.com/assets/cms2/img/pokedex/full/036.png
Vulpix.png;https://assets.pokemon.com/assets/cms2/img/pokedex/full/037.png
Alolan Vulpix.png;https://assets.pokemon.com/assets/cms2/img/pokedex/full/037_f2.png
Ninetales.png;https://assets.pokemon.com/assets/cms2/img/pokedex/full/038.png
Alolan Ninetales.png;https://assets.pokemon.com/assets/cms2/img/pokedex/full/038_f2.png
Jigglypuff.png;https://assets.pokemon.com/assets/cms2/img/pokedex/full/039.png
Wigglytuff.png;https://assets.pokemon.com/assets/cms2/img/pokedex/full/040.png
Zubat.png;https://assets.pokemon.com/assets/cms2/img/pokedex/full/041.png
Golbat.png;https://assets.pokemon.com/assets/cms2/img/pokedex/full/042.png
Oddish.png;https://assets.pokemon.com/assets/cms2/img/pokedex/full/043.png
Gloom.png;https://assets.pokemon.com/assets/cms2/img/pokedex/full/044.png
Vileplume.png;https://assets.pokemon.com/assets/cms2/img/pokedex/full/045.png
Paras.png;https://assets.pokemon.com/assets/cms2/img/pokedex/full/046.png
Parasect.png;https://assets.pokemon.com/assets/cms2/img/pokedex/full/047.png
Venonat.png;https://assets.pokemon.com/assets/cms2/img/pokedex/full/048.png
Venomoth.png;https://assets.pokemon.com/assets/cms2/img/pokedex/full/049.png
Diglett.png;https://assets.pokemon.com/assets/cms2/img/pokedex/full/050.png
Alolan Diglett.png;https://assets.pokemon.com/assets/cms2/img/pokedex/full/050_f2.png
Dugtrio.png;https://assets.pokemon.com/assets/cms2/img/pokedex/full/051.png
Alolan Dugtrio.png;https://assets.pokemon.com/assets/cms2/img/pokedex/full/051_f2.png
Meowth.png;https://assets.pokemon.com/assets/cms2/img/pokedex/full/052.png
Gigantamax Meowth.png;https://assets.pokemon.com/assets/cms2/img/pokedex/full/053.png
Alolan Meowth.png;https://assets.pokemon.com/assets/cms2/img/pokedex/full/052_f2.png
Galarian Meowth.png;https://assets.pokemon.com/assets/cms2/img/pokedex/full/052_f3.png
Persian.png;https://assets.pokemon.com/assets/cms2/img/pokedex/full/053_f2.png
Alolan Persian.png;https://assets.pokemon.com/assets/cms2/img/pokedex/full/053_f3.png
Psyduck.png;https://assets.pokemon.com/assets/cms2/img/pokedex/full/054.png
Golduck.png;https://assets.pokemon.com/assets/cms2/img/pokedex/full/055.png
Mankey.png;https://assets.pokemon.com/assets/cms2/img/pokedex/full/056.png
Primeape.png;https://assets.pokemon.com/assets/cms2/img/pokedex/full/057.png
Growlithe.png;https://assets.pokemon.com/assets/cms2/img/pokedex/full/058.png
Arcanine.png;https://assets.pokemon.com/assets/cms2/img/pokedex/full/059.png
Poliwag.png;https://assets.pokemon.com/assets/cms2/img/pokedex/full/060.png
Poliwhirl.png;https://assets.pokemon.com/assets/cms2/img/pokedex/full/061.png
Poliwrath.png;https://assets.pokemon.com/assets/cms2/img/pokedex/full/062.png
Abra.png;https://assets.pokemon.com/assets/cms2/img/pokedex/full/063.png
Kadabra.png;https://assets.pokemon.com/assets/cms2/img/pokedex/full/064.png
Alakazam.png;https://assets.pokemon.com/assets/cms2/img/pokedex/full/065.png
Mega Alakazam.png;https://assets.pokemon.com/assets/cms2/img/pokedex/full/065_f2.png
Machop.png;https://assets.pokemon.com/assets/cms2/img/pokedex/full/066.png
Machoke.png;https://assets.pokemon.com/assets/cms2/img/pokedex/full/067.png
Machamp.png;https://assets.pokemon.com/assets/cms2/img/pokedex/full/068.png
Gigantamax Machamp.png;https://assets.pokemon.com/assets/cms2/img/pokedex/full/068_f2.png
Bellsprout.png;https://assets.pokemon.com/assets/cms2/img/pokedex/full/069.png
Weepinbell.png;https://assets.pokemon.com/assets/cms2/img/pokedex/full/070.png
Victreebel.png;https://assets.pokemon.com/assets/cms2/img/pokedex/full/071.png
Tentacool.png;https://assets.pokemon.com/assets/cms2/img/pokedex/full/072.png
Tentacruel.png;https://assets.pokemon.com/assets/cms2/img/pokedex/full/073.png
Geodude.png;https://assets.pokemon.com/assets/cms2/img/pokedex/full/074.png
Alolan Geodude.png;https://assets.pokemon.com/assets/cms2/img/pokedex/full/074_f2.png
Graveler.png;https://assets.pokemon.com/assets/cms2/img/pokedex/full/075.png
Alolan Graveler.png;https://assets.pokemon.com/assets/cms2/img/pokedex/full/075_f2.png
Golem.png;https://assets.pokemon.com/assets/cms2/img/pokedex/full/076.png
Alolan Golem.png;https://assets.pokemon.com/assets/cms2/img/pokedex/full/076_f2.png
Ponyta.png;https://assets.pokemon.com/assets/cms2/img/pokedex/full/077.png
Galarian Ponyta.png;https://assets.pokemon.com/assets/cms2/img/pokedex/full/077_f2.png
Rapidash.png;https://assets.pokemon.com/assets/cms2/img/pokedex/full/078.png
Galarian Rapidash.png;https://assets.pokemon.com/assets/cms2/img/pokedex/full/078_f2.png
Slowpoke.png;https://assets.pokemon.com/assets/cms2/img/pokedex/full/079.png
Galarian Slowpoke.png;https://assets.pokemon.com/assets/cms2/img/pokedex/full/079_f2.png
Slowbro.png;https://assets.pokemon.com/assets/cms2/img/pokedex/full/080.png
Galarian Slowbro.png;https://assets.pokemon.com/assets/cms2/img/pokedex/full/080_f2.png
Mega Slowbro.png;https://assets.pokemon.com/assets/cms2/img/pokedex/full/080_f3.png
Magnemite.png;https://assets.pokemon.com/assets/cms2/img/pokedex/full/081.png
Magneton.png;https://assets.pokemon.com/assets/cms2/img/pokedex/full/082.png
Farfetch'd.png;https://assets.pokemon.com/assets/cms2/img/pokedex/full/083.png
Galarian Farfetched.png;https://assets.pokemon.com/assets/cms2/img/pokedex/full/083_f2.png
Doduo.png;https://assets.pokemon.com/assets/cms2/img/pokedex/full/084.png
Dodrio.png;https://assets.pokemon.com/assets/cms2/img/pokedex/full/085.png
Seel.png;https://assets.pokemon.com/assets/cms2/img/pokedex/full/086.png
Dewgong.png;https://assets.pokemon.com/assets/cms2/img/pokedex/full/087.png
Grimer.png;https://assets.pokemon.com/assets/cms2/img/pokedex/full/088.png
Alolan Grimer.png;https://assets.pokemon.com/assets/cms2/img/pokedex/full/088_f2.png
Muk.png;https://assets.pokemon.com/assets/cms2/img/pokedex/full/089.png
Alolan Muk.png;https://assets.pokemon.com/assets/cms2/img/pokedex/full/089_f2.png
Shellder.png;https://assets.pokemon.com/assets/cms2/img/pokedex/full/090.png
Cloyster.png;https://assets.pokemon.com/assets/cms2/img/pokedex/full/091.png
Gastly.png;https://assets.pokemon.com/assets/cms2/img/pokedex/full/092.png
Haunter.png;https://assets.pokemon.com/assets/cms2/img/pokedex/full/093.png
Gengar.png;https://assets.pokemon.com/assets/cms2/img/pokedex/full/094.png
Mega Gengar.png;https://assets.pokemon.com/assets/cms2/img/pokedex/full/094_f2.png
Gigantamax Gengar.png;https://assets.pokemon.com/assets/cms2/img/pokedex/full/094_f3.png
Onix.png;https://assets.pokemon.com/assets/cms2/img/pokedex/full/095.png
Drowzee.png;https://assets.pokemon.com/assets/cms2/img/pokedex/full/096.png
Hypno.png;https://assets.pokemon.com/assets/cms2/img/pokedex/full/097.png
Krabby.png;https://assets.pokemon.com/assets/cms2/img/pokedex/full/098.png
Kingler.png;https://assets.pokemon.com/assets/cms2/img/pokedex/full/099.png
Gigantamax Kingler.png;https://assets.pokemon.com/assets/cms2/img/pokedex/full/099_f2.png
Voltorb.png;https://assets.pokemon.com/assets/cms2/img/pokedex/full/100.png
Electrode.png;https://assets.pokemon.com/assets/cms2/img/pokedex/full/101.png
Exeggcute.png;https://assets.pokemon.com/assets/cms2/img/pokedex/full/102.png
Exeggutor.png;https://assets.pokemon.com/assets/cms2/img/pokedex/full/103.png
Alolan Exeggutor.png;https://assets.pokemon.com/assets/cms2/img/pokedex/full/103_f2.png
Cubone.png;https://assets.pokemon.com/assets/cms2/img/pokedex/full/104.png
Marowak.png;https://assets.pokemon.com/assets/cms2/img/pokedex/full/105.png
Alolan Marowak.png;https://assets.pokemon.com/assets/cms2/img/pokedex/full/105_f2.png
Hitmonlee.png;https://assets.pokemon.com/assets/cms2/img/pokedex/full/106.png
Hitmonchan.png;https://assets.pokemon.com/assets/cms2/img/pokedex/full/107.png
Lickitung.png;https://assets.pokemon.com/assets/cms2/img/pokedex/full/108.png
Koffing.png;https://assets.pokemon.com/assets/cms2/img/pokedex/full/109.png
Weezing.png;https://assets.pokemon.com/assets/cms2/img/pokedex/full/110.png
Galarian Weezing.png;https://assets.pokemon.com/assets/cms2/img/pokedex/full/110_f2.png
Rhyhorn.png;https://assets.pokemon.com/assets/cms2/img/pokedex/full/111.png
Rhydon.png;https://assets.pokemon.com/assets/cms2/img/pokedex/full/112.png
Chansey.png;https://assets.pokemon.com/assets/cms2/img/pokedex/full/113.png
Tangela.png;https://assets.pokemon.com/assets/cms2/img/pokedex/full/114.png
Kangaskhan.png;https://assets.pokemon.com/assets/cms2/img/pokedex/full/115.png
Mega Kangaskhan.png;https://assets.pokemon.com/assets/cms2/img/pokedex/full/115_f2.png
Horsea.png;https://assets.pokemon.com/assets/cms2/img/pokedex/full/116.png
Seadra.png;https://assets.pokemon.com/assets/cms2/img/pokedex/full/117.png
Goldeen.png;https://assets.pokemon.com/assets/cms2/img/pokedex/full/118.png
Seaking.png;https://assets.pokemon.com/assets/cms2/img/pokedex/full/119.png
Staryu.png;https://assets.pokemon.com/assets/cms2/img/pokedex/full/120.png
Starmie.png;https://assets.pokemon.com/assets/cms2/img/pokedex/full/121.png
Mr. Mime.png;https://assets.pokemon.com/assets/cms2/img/pokedex/full/122.png
Galarian Mr. Mime.png;https://assets.pokemon.com/assets/cms2/img/pokedex/full/122_f2.png
Scyther.png;https://assets.pokemon.com/assets/cms2/img/pokedex/full/123.png
Jynx.png;https://assets.pokemon.com/assets/cms2/img/pokedex/full/124.png
Electabuzz.png;https://assets.pokemon.com/assets/cms2/img/pokedex/full/125.png
Magmar.png;https://assets.pokemon.com/assets/cms2/img/pokedex/full/126.png
Pinsir.png;https://assets.pokemon.com/assets/cms2/img/pokedex/full/127.png
Mega Pinsir.png;https://assets.pokemon.com/assets/cms2/img/pokedex/full/127_f2.png
Tauros.png;https://assets.pokemon.com/assets/cms2/img/pokedex/full/128.png
Magikarp.png;https://assets.pokemon.com/assets/cms2/img/pokedex/full/129.png
Gyarados.png;https://assets.pokemon.com/assets/cms2/img/pokedex/full/130.png
Mega Gyarados.png;https://assets.pokemon.com/assets/cms2/img/pokedex/full/130_f2.png
Lapras.png;https://assets.pokemon.com/assets/cms2/img/pokedex/full/131.png
Gigantamax Lapras.png;https://assets.pokemon.com/assets/cms2/img/pokedex/full/131_f2.png
Ditto.png;https://assets.pokemon.com/assets/cms2/img/pokedex/full/132.png
Eevee.png;https://assets.pokemon.com/assets/cms2/img/pokedex/full/133.png
Gigantamax Eevee.png;https://assets.pokemon.com/assets/cms2/img/pokedex/full/133_f2.png
Vaporeon.png;https://assets.pokemon.com/assets/cms2/img/pokedex/full/134.png
Jolteon.png;https://assets.pokemon.com/assets/cms2/img/pokedex/full/135.png
Flareon.png;https://assets.pokemon.com/assets/cms2/img/pokedex/full/136.png
Porygon.png;https://assets.pokemon.com/assets/cms2/img/pokedex/full/137.png
Omanyte.png;https://assets.pokemon.com/assets/cms2/img/pokedex/full/138.png
Omastar.png;https://assets.pokemon.com/assets/cms2/img/pokedex/full/139.png
Kabuto.png;https://assets.pokemon.com/assets/cms2/img/pokedex/full/140.png
Kabutops.png;https://assets.pokemon.com/assets/cms2/img/pokedex/full/141.png
Aerodactyl.png;https://assets.pokemon.com/assets/cms2/img/pokedex/full/142.png
Mega Aerodactyl.png;https://assets.pokemon.com/assets/cms2/img/pokedex/full/142_f2.png
Snorlax.png;https://assets.pokemon.com/assets/cms2/img/pokedex/full/143.png
Gigantamax Snorlax.png;https://assets.pokemon.com/assets/cms2/img/pokedex/full/143_f2.png
Articuno.png;https://assets.pokemon.com/assets/cms2/img/pokedex/full/144.png
Galarian Articuno.png;https://assets.pokemon.com/assets/cms2/img/pokedex/full/144_f2.png
Zapdos.png;https://assets.pokemon.com/assets/cms2/img/pokedex/full/145.png
Galarian Zapdos.png;https://assets.pokemon.com/assets/cms2/img/pokedex/full/145_f2.png
Moltres.png;https://assets.pokemon.com/assets/cms2/img/pokedex/full/146.png
Galarian Moltres.png;https://assets.pokemon.com/assets/cms2/img/pokedex/full/146_f2.png
Dratini.png;https://assets.pokemon.com/assets/cms2/img/pokedex/full/147.png
Dragonair.png;https://assets.pokemon.com/assets/cms2/img/pokedex/full/148.png
Dragonite.png;https://assets.pokemon.com/assets/cms2/img/pokedex/full/149.png
Mewtwo.png;https://assets.pokemon.com/assets/cms2/img/pokedex/full/150.png
Mega Mewtwo X.png;https://assets.pokemon.com/assets/cms2/img/pokedex/full/150_f2.png
Mega Mewtwo Y.png;https://assets.pokemon.com/assets/cms2/img/pokedex/full/150_f3.png
Mew.png;https://assets.pokemon.com/assets/cms2/img/pokedex/full/151.png
Chikorita.png;https://assets.pokemon.com/assets/cms2/img/pokedex/full/152.png
Bayleef.png;https://assets.pokemon.com/assets/cms2/img/pokedex/full/153.png
Meganium.png;https://assets.pokemon.com/assets/cms2/img/pokedex/full/154.png
Cyndaquil.png;https://assets.pokemon.com/assets/cms2/img/pokedex/full/155.png
Quilava.png;https://assets.pokemon.com/assets/cms2/img/pokedex/full/156.png
Typhlosion.png;https://assets.pokemon.com/assets/cms2/img/pokedex/full/157.png
Totodile.png;https://assets.pokemon.com/assets/cms2/img/pokedex/full/158.png
Croconaw.png;https://assets.pokemon.com/assets/cms2/img/pokedex/full/159.png
Feraligatr.png;https://assets.pokemon.com/assets/cms2/img/pokedex/full/160.png
Sentret.png;https://assets.pokemon.com/assets/cms2/img/pokedex/full/161.png
Furret.png;https://assets.pokemon.com/assets/cms2/img/pokedex/full/162.png
Hoothoot.png;https://assets.pokemon.com/assets/cms2/img/pokedex/full/163.png
Noctowl.png;https://assets.pokemon.com/assets/cms2/img/pokedex/full/164.png
Ledyba.png;https://assets.pokemon.com/assets/cms2/img/pokedex/full/165.png
Ledian.png;https://assets.pokemon.com/assets/cms2/img/pokedex/full/166.png
Spinarak.png;https://assets.pokemon.com/assets/cms2/img/pokedex/full/167.png
Ariados.png;https://assets.pokemon.com/assets/cms2/img/pokedex/full/168.png
Crobat.png;https://assets.pokemon.com/assets/cms2/img/pokedex/full/169.png
Chinchou.png;https://assets.pokemon.com/assets/cms2/img/pokedex/full/170.png
Lanturn.png;https://assets.pokemon.com/assets/cms2/img/pokedex/full/171.png
Pichu.png;https://assets.pokemon.com/assets/cms2/img/pokedex/full/172.png
Cleffa.png;https://assets.pokemon.com/assets/cms2/img/pokedex/full/173.png
Igglybuff.png;https://assets.pokemon.com/assets/cms2/img/pokedex/full/174.png
Togepi.png;https://assets.pokemon.com/assets/cms2/img/pokedex/full/175.png
Togetic.png;https://assets.pokemon.com/assets/cms2/img/pokedex/full/176.png
Natu.png;https://assets.pokemon.com/assets/cms2/img/pokedex/full/177.png
Xatu.png;https://assets.pokemon.com/assets/cms2/img/pokedex/full/178.png
Mareep.png;https://assets.pokemon.com/assets/cms2/img/pokedex/full/179.png
Flaaffy.png;https://assets.pokemon.com/assets/cms2/img/pokedex/full/180.png
Ampharos.png;https://assets.pokemon.com/assets/cms2/img/pokedex/full/181.png
Mega Ampharos.png;https://assets.pokemon.com/assets/cms2/img/pokedex/full/181_f2.png
Bellossom.png;https://assets.pokemon.com/assets/cms2/img/pokedex/full/182.png
Marill.png;https://assets.pokemon.com/assets/cms2/img/pokedex/full/183.png
Azumarill.png;https://assets.pokemon.com/assets/cms2/img/pokedex/full/184.png
Sudowoodo.png;https://assets.pokemon.com/assets/cms2/img/pokedex/full/185.png
Politoed.png;https://assets.pokemon.com/assets/cms2/img/pokedex/full/186.png
Hoppip.png;https://assets.pokemon.com/assets/cms2/img/pokedex/full/187.png
Skiploom.png;https://assets.pokemon.com/assets/cms2/img/pokedex/full/188.png
Jumpluff.png;https://assets.pokemon.com/assets/cms2/img/pokedex/full/189.png
Aipom.png;https://assets.pokemon.com/assets/cms2/img/pokedex/full/190.png
Sunkern.png;https://assets.pokemon.com/assets/cms2/img/pokedex/full/191.png
Sunflora.png;https://assets.pokemon.com/assets/cms2/img/pokedex/full/192.png
Yanma.png;https://assets.pokemon.com/assets/cms2/img/pokedex/full/193.png
Wooper.png;https://assets.pokemon.com/assets/cms2/img/pokedex/full/194.png
Quagsire.png;https://assets.pokemon.com/assets/cms2/img/pokedex/full/195.png
Espeon.png;https://assets.pokemon.com/assets/cms2/img/pokedex/full/196.png
Umbreon.png;https://assets.pokemon.com/assets/cms2/img/pokedex/full/197.png
Murkrow.png;https://assets.pokemon.com/assets/cms2/img/pokedex/full/198.png
Slowking.png;https://assets.pokemon.com/assets/cms2/img/pokedex/full/199.png
Galarian Slowking.png;https://assets.pokemon.com/assets/cms2/img/pokedex/full/199_f2.png
Misdreavus.png;https://assets.pokemon.com/assets/cms2/img/pokedex/full/200.png
Unown.png;https://assets.pokemon.com/assets/cms2/img/pokedex/full/201.png
Wobbuffet.png;https://assets.pokemon.com/assets/cms2/img/pokedex/full/202.png
Girafarig.png;https://assets.pokemon.com/assets/cms2/img/pokedex/full/203.png
Pineco.png;https://assets.pokemon.com/assets/cms2/img/pokedex/full/204.png
Forretress.png;https://assets.pokemon.com/assets/cms2/img/pokedex/full/205.png
Dunsparce.png;https://assets.pokemon.com/assets/cms2/img/pokedex/full/206.png
Gligar.png;https://assets.pokemon.com/assets/cms2/img/pokedex/full/207.png
Steelix.png;https://assets.pokemon.com/assets/cms2/img/pokedex/full/208.png
Mega Steelix.png;https://assets.pokemon.com/assets/cms2/img/pokedex/full/208_f2.png
Snubbull.png;https://assets.pokemon.com/assets/cms2/img/pokedex/full/209.png
Granbull.png;https://assets.pokemon.com/assets/cms2/img/pokedex/full/210.png
Qwilfish.png;https://assets.pokemon.com/assets/cms2/img/pokedex/full/211.png
Scizor.png;https://assets.pokemon.com/assets/cms2/img/pokedex/full/212.png
Mega Scizor.png;https://assets.pokemon.com/assets/cms2/img/pokedex/full/212_f2.png
Shuckle.png;https://assets.pokemon.com/assets/cms2/img/pokedex/full/213.png
Heracross.png;https://assets.pokemon.com/assets/cms2/img/pokedex/full/214.png
Mega Heracross.png;https://assets.pokemon.com/assets/cms2/img/pokedex/full/214_f2.png
Sneasel.png;https://assets.pokemon.com/assets/cms2/img/pokedex/full/215.png
Teddiursa.png;https://assets.pokemon.com/assets/cms2/img/pokedex/full/216.png
Ursaring.png;https://assets.pokemon.com/assets/cms2/img/pokedex/full/217.png
Slugma.png;https://assets.pokemon.com/assets/cms2/img/pokedex/full/218.png
Magcargo.png;https://assets.pokemon.com/assets/cms2/img/pokedex/full/219.png
Swinub.png;https://assets.pokemon.com/assets/cms2/img/pokedex/full/220.png
Piloswine.png;https://assets.pokemon.com/assets/cms2/img/pokedex/full/221.png
Corsola.png;https://assets.pokemon.com/assets/cms2/img/pokedex/full/222.png
Galarian Corsola.png;https://assets.pokemon.com/assets/cms2/img/pokedex/full/222_f2.png
Remoraid.png;https://assets.pokemon.com/assets/cms2/img/pokedex/full/223.png
Octillery.png;https://assets.pokemon.com/assets/cms2/img/pokedex/full/224.png
Delibird.png;https://assets.pokemon.com/assets/cms2/img/pokedex/full/225.png
Mantine.png;https://assets.pokemon.com/assets/cms2/img/pokedex/full/226.png
Skarmory.png;https://assets.pokemon.com/assets/cms2/img/pokedex/full/227.png
Houndour.png;https://assets.pokemon.com/assets/cms2/img/pokedex/full/228.png
Houndoom.png;https://assets.pokemon.com/assets/cms2/img/pokedex/full/229.png
Mega Houndoom.png;https://assets.pokemon.com/assets/cms2/img/pokedex/full/229_f2.png
Kingdra.png;https://assets.pokemon.com/assets/cms2/img/pokedex/full/230.png
Phanpy.png;https://assets.pokemon.com/assets/cms2/img/pokedex/full/231.png
Donphan.png;https://assets.pokemon.com/assets/cms2/img/pokedex/full/232.png
Porygon2.png;https://assets.pokemon.com/assets/cms2/img/pokedex/full/233.png
Stantler.png;https://assets.pokemon.com/assets/cms2/img/pokedex/full/234.png
Smeargle.png;https://assets.pokemon.com/assets/cms2/img/pokedex/full/235.png
Tyrogue.png;https://assets.pokemon.com/assets/cms2/img/pokedex/full/236.png
Hitmontop.png;https://assets.pokemon.com/assets/cms2/img/pokedex/full/237.png
Smoochum.png;https://assets.pokemon.com/assets/cms2/img/pokedex/full/238.png
Elekid.png;https://assets.pokemon.com/assets/cms2/img/pokedex/full/239.png
Magby.png;https://assets.pokemon.com/assets/cms2/img/pokedex/full/240.png
Miltank.png;https://assets.pokemon.com/assets/cms2/img/pokedex/full/241.png
Blissey.png;https://assets.pokemon.com/assets/cms2/img/pokedex/full/242.png
Raikou.png;https://assets.pokemon.com/assets/cms2/img/pokedex/full/243.png
Entei.png;https://assets.pokemon.com/assets/cms2/img/pokedex/full/244.png
Suicune.png;https://assets.pokemon.com/assets/cms2/img/pokedex/full/245.png
Larvitar.png;https://assets.pokemon.com/assets/cms2/img/pokedex/full/246.png
Pupitar.png;https://assets.pokemon.com/assets/cms2/img/pokedex/full/247.png
Tyranitar.png;https://assets.pokemon.com/assets/cms2/img/pokedex/full/248.png
Mega Tyranitar.png;https://assets.pokemon.com/assets/cms2/img/pokedex/full/248_f2.png
Lugia.png;https://assets.pokemon.com/assets/cms2/img/pokedex/full/249.png
Ho-oh.png;https://assets.pokemon.com/assets/cms2/img/pokedex/full/250.png
Celebi.png;https://assets.pokemon.com/assets/cms2/img/pokedex/full/251.png
Treecko.png;https://assets.pokemon.com/assets/cms2/img/pokedex/full/252.png
Grovyle.png;https://assets.pokemon.com/assets/cms2/img/pokedex/full/253.png
Sceptile.png;https://assets.pokemon.com/assets/cms2/img/pokedex/full/254.png
Mega Sceptile.png;https://assets.pokemon.com/assets/cms2/img/pokedex/full/254_f2.png
Torchic.png;https://assets.pokemon.com/assets/cms2/img/pokedex/full/255.png
Combusken.png;https://assets.pokemon.com/assets/cms2/img/pokedex/full/256.png
Blaziken.png;https://assets.pokemon.com/assets/cms2/img/pokedex/full/257.png
Mega Blaziken.png;https://assets.pokemon.com/assets/cms2/img/pokedex/full/257_f2.png
Mudkip.png;https://assets.pokemon.com/assets/cms2/img/pokedex/full/258.png
Marshtomp.png;https://assets.pokemon.com/assets/cms2/img/pokedex/full/259.png
Swampert.png;https://assets.pokemon.com/assets/cms2/img/pokedex/full/260.png
Mega Swampert.png;https://assets.pokemon.com/assets/cms2/img/pokedex/full/260_f2.png
Poochyena.png;https://assets.pokemon.com/assets/cms2/img/pokedex/full/261.png
Mightyena.png;https://assets.pokemon.com/assets/cms2/img/pokedex/full/262.png
Zigzagoon.png;https://assets.pokemon.com/assets/cms2/img/pokedex/full/263.png
Galarian Zigzagoon.png;https://assets.pokemon.com/assets/cms2/img/pokedex/full/263_f2.png
Linoone.png;https://assets.pokemon.com/assets/cms2/img/pokedex/full/264.png
Galarian Linoone.png;https://assets.pokemon.com/assets/cms2/img/pokedex/full/264_f2.png
Wurmple.png;https://assets.pokemon.com/assets/cms2/img/pokedex/full/265.png
Silcoon.png;https://assets.pokemon.com/assets/cms2/img/pokedex/full/266.png
Beautifly.png;https://assets.pokemon.com/assets/cms2/img/pokedex/full/267.png
Cascoon.png;https://assets.pokemon.com/assets/cms2/img/pokedex/full/268.png
Dustox.png;https://assets.pokemon.com/assets/cms2/img/pokedex/full/269.png
Lotad.png;https://assets.pokemon.com/assets/cms2/img/pokedex/full/270.png
Lombre.png;https://assets.pokemon.com/assets/cms2/img/pokedex/full/271.png
Ludicolo.png;https://assets.pokemon.com/assets/cms2/img/pokedex/full/272.png
Seedot.png;https://assets.pokemon.com/assets/cms2/img/pokedex/full/273.png
Nuzleaf.png;https://assets.pokemon.com/assets/cms2/img/pokedex/full/274.png
Shiftry.png;https://assets.pokemon.com/assets/cms2/img/pokedex/full/275.png
Taillow.png;https://assets.pokemon.com/assets/cms2/img/pokedex/full/276.png
Swellow.png;https://assets.pokemon.com/assets/cms2/img/pokedex/full/277.png
Wingull.png;https://assets.pokemon.com/assets/cms2/img/pokedex/full/278.png
Pelipper.png;https://assets.pokemon.com/assets/cms2/img/pokedex/full/279.png
Ralts.png;https://assets.pokemon.com/assets/cms2/img/pokedex/full/280.png
Kirlia.png;https://assets.pokemon.com/assets/cms2/img/pokedex/full/281.png
Gardevoir.png;https://assets.pokemon.com/assets/cms2/img/pokedex/full/282.png
Mega Gardevoir.png;https://assets.pokemon.com/assets/cms2/img/pokedex/full/282_f2.png
Surskit.png;https://assets.pokemon.com/assets/cms2/img/pokedex/full/283.png
Masquerain.png;https://assets.pokemon.com/assets/cms2/img/pokedex/full/284.png
Shroomish.png;https://assets.pokemon.com/assets/cms2/img/pokedex/full/285.png
Breloom.png;https://assets.pokemon.com/assets/cms2/img/pokedex/full/286.png
Slakoth.png;https://assets.pokemon.com/assets/cms2/img/pokedex/full/287.png
Vigoroth.png;https://assets.pokemon.com/assets/cms2/img/pokedex/full/288.png
Slaking.png;https://assets.pokemon.com/assets/cms2/img/pokedex/full/289.png
Nincada.png;https://assets.pokemon.com/assets/cms2/img/pokedex/full/290.png
Ninjask.png;https://assets.pokemon.com/assets/cms2/img/pokedex/full/291.png
Shedinja.png;https://assets.pokemon.com/assets/cms2/img/pokedex/full/292.png
Whismur.png;https://assets.pokemon.com/assets/cms2/img/pokedex/full/293.png
Loudred.png;https://assets.pokemon.com/assets/cms2/img/pokedex/full/294.png
Exploud.png;https://assets.pokemon.com/assets/cms2/img/pokedex/full/295.png
Makuhita.png;https://assets.pokemon.com/assets/cms2/img/pokedex/full/296.png
Hariyama.png;https://assets.pokemon.com/assets/cms2/img/pokedex/full/297.png
Azurill.png;https://assets.pokemon.com/assets/cms2/img/pokedex/full/298.png
Nosepass.png;https://assets.pokemon.com/assets/cms2/img/pokedex/full/299.png
Skitty.png;https://assets.pokemon.com/assets/cms2/img/pokedex/full/300.png
Delcatty.png;https://assets.pokemon.com/assets/cms2/img/pokedex/full/301.png
Sableye.png;https://assets.pokemon.com/assets/cms2/img/pokedex/full/302.png
Mega Sableye.png;https://assets.pokemon.com/assets/cms2/img/pokedex/full/302_f2.png
Mawile.png;https://assets.pokemon.com/assets/cms2/img/pokedex/full/303.png
Mega Mawile.png;https://assets.pokemon.com/assets/cms2/img/pokedex/full/303_f2.png
Aron.png;https://assets.pokemon.com/assets/cms2/img/pokedex/full/304.png
Lairon.png;https://assets.pokemon.com/assets/cms2/img/pokedex/full/305.png
Aggron.png;https://assets.pokemon.com/assets/cms2/img/pokedex/full/306.png
Mega Aggron.png;https://assets.pokemon.com/assets/cms2/img/pokedex/full/306_f2.png
Meditite.png;https://assets.pokemon.com/assets/cms2/img/pokedex/full/307.png
Medicham.png;https://assets.pokemon.com/assets/cms2/img/pokedex/full/308.png
Mega Medicham.png;https://assets.pokemon.com/assets/cms2/img/pokedex/full/308_f2.png
Electrike.png;https://assets.pokemon.com/assets/cms2/img/pokedex/full/309.png
Manectric.png;https://assets.pokemon.com/assets/cms2/img/pokedex/full/310.png
Mega Manectric.png;https://assets.pokemon.com/assets/cms2/img/pokedex/full/310_f2.png
Plusle.png;https://assets.pokemon.com/assets/cms2/img/pokedex/full/311.png
Minun.png;https://assets.pokemon.com/assets/cms2/img/pokedex/full/312.png
Volbeat.png;https://assets.pokemon.com/assets/cms2/img/pokedex/full/313.png
Illumise.png;https://assets.pokemon.com/assets/cms2/img/pokedex/full/314.png
Roselia.png;https://assets.pokemon.com/assets/cms2/img/pokedex/full/315.png
Gulpin.png;https://assets.pokemon.com/assets/cms2/img/pokedex/full/316.png
Swalot.png;https://assets.pokemon.com/assets/cms2/img/pokedex/full/317.png
Carvanha.png;https://assets.pokemon.com/assets/cms2/img/pokedex/full/318.png
Sharpedo.png;https://assets.pokemon.com/assets/cms2/img/pokedex/full/319.png
Mega Sharpedo.png;https://assets.pokemon.com/assets/cms2/img/pokedex/full/319_f2.png
Wailmer.png;https://assets.pokemon.com/assets/cms2/img/pokedex/full/320.png
Wailord.png;https://assets.pokemon.com/assets/cms2/img/pokedex/full/321.png
Numel.png;https://assets.pokemon.com/assets/cms2/img/pokedex/full/322.png
Camerupt.png;https://assets.pokemon.com/assets/cms2/img/pokedex/full/323.png
Mega Camerupt.png;https://assets.pokemon.com/assets/cms2/img/pokedex/full/323_f2.png
Torkoal.png;https://assets.pokemon.com/assets/cms2/img/pokedex/full/324.png
Spoink.png;https://assets.pokemon.com/assets/cms2/img/pokedex/full/325.png
Grumpig.png;https://assets.pokemon.com/assets/cms2/img/pokedex/full/326.png
Spinda.png;https://assets.pokemon.com/assets/cms2/img/pokedex/full/327.png
Trapinch.png;https://assets.pokemon.com/assets/cms2/img/pokedex/full/328.png
Vibrava.png;https://assets.pokemon.com/assets/cms2/img/pokedex/full/329.png
Flygon.png;https://assets.pokemon.com/assets/cms2/img/pokedex/full/330.png
Cacnea.png;https://assets.pokemon.com/assets/cms2/img/pokedex/full/331.png
Cacturne.png;https://assets.pokemon.com/assets/cms2/img/pokedex/full/332.png
Swablu.png;https://assets.pokemon.com/assets/cms2/img/pokedex/full/333.png
Altaria.png;https://assets.pokemon.com/assets/cms2/img/pokedex/full/334.png
Mega Altaria.png;https://assets.pokemon.com/assets/cms2/img/pokedex/full/334_f2.png
Zangoose.png;https://assets.pokemon.com/assets/cms2/img/pokedex/full/335.png
Seviper.png;https://assets.pokemon.com/assets/cms2/img/pokedex/full/336.png
Lunatone.png;https://assets.pokemon.com/assets/cms2/img/pokedex/full/337.png
Solrock.png;https://assets.pokemon.com/assets/cms2/img/pokedex/full/338.png
Barboach.png;https://assets.pokemon.com/assets/cms2/img/pokedex/full/339.png
Whiscash.png;https://assets.pokemon.com/assets/cms2/img/pokedex/full/340.png
Corphish.png;https://assets.pokemon.com/assets/cms2/img/pokedex/full/341.png
Crawdaunt.png;https://assets.pokemon.com/assets/cms2/img/pokedex/full/342.png
Baltoy.png;https://assets.pokemon.com/assets/cms2/img/pokedex/full/343.png
Claydol.png;https://assets.pokemon.com/assets/cms2/img/pokedex/full/344.png
Lileep.png;https://assets.pokemon.com/assets/cms2/img/pokedex/full/345.png
Cradily.png;https://assets.pokemon.com/assets/cms2/img/pokedex/full/346.png
Anorith.png;https://assets.pokemon.com/assets/cms2/img/pokedex/full/347.png
Armaldo.png;https://assets.pokemon.com/assets/cms2/img/pokedex/full/348.png
Feebas.png;https://assets.pokemon.com/assets/cms2/img/pokedex/full/349.png
Milotic.png;https://assets.pokemon.com/assets/cms2/img/pokedex/full/350.png
Castform.png;https://assets.pokemon.com/assets/cms2/img/pokedex/full/351.png
Kecleon.png;https://assets.pokemon.com/assets/cms2/img/pokedex/full/352.png
Shuppet.png;https://assets.pokemon.com/assets/cms2/img/pokedex/full/353.png
Banette.png;https://assets.pokemon.com/assets/cms2/img/pokedex/full/354.png
Mega Banette.png;https://assets.pokemon.com/assets/cms2/img/pokedex/full/354_f2.png
Duskull.png;https://assets.pokemon.com/assets/cms2/img/pokedex/full/355.png
Dusclops.png;https://assets.pokemon.com/assets/cms2/img/pokedex/full/356.png
Tropius.png;https://assets.pokemon.com/assets/cms2/img/pokedex/full/357.png
Chimecho.png;https://assets.pokemon.com/assets/cms2/img/pokedex/full/358.png
Absol.png;https://assets.pokemon.com/assets/cms2/img/pokedex/full/359.png
Mega Absol.png;https://assets.pokemon.com/assets/cms2/img/pokedex/full/359_f2.png
Wynaut.png;https://assets.pokemon.com/assets/cms2/img/pokedex/full/360.png
Snorunt.png;https://assets.pokemon.com/assets/cms2/img/pokedex/full/361.png
Glalie.png;https://assets.pokemon.com/assets/cms2/img/pokedex/full/362.png
Mega Glalie.png;https://assets.pokemon.com/assets/cms2/img/pokedex/full/362_f2.png
Spheal.png;https://assets.pokemon.com/assets/cms2/img/pokedex/full/363.png
Sealeo.png;https://assets.pokemon.com/assets/cms2/img/pokedex/full/364.png
Walrein.png;https://assets.pokemon.com/assets/cms2/img/pokedex/full/365.png
Clamperl.png;https://assets.pokemon.com/assets/cms2/img/pokedex/full/366.png
Huntail.png;https://assets.pokemon.com/assets/cms2/img/pokedex/full/367.png
Gorebyss.png;https://assets.pokemon.com/assets/cms2/img/pokedex/full/368.png
Relicanth.png;https://assets.pokemon.com/assets/cms2/img/pokedex/full/369.png
Luvdisc.png;https://assets.pokemon.com/assets/cms2/img/pokedex/full/370.png
Bagon.png;https://assets.pokemon.com/assets/cms2/img/pokedex/full/371.png
Shelgon.png;https://assets.pokemon.com/assets/cms2/img/pokedex/full/372.png
Salamence.png;https://assets.pokemon.com/assets/cms2/img/pokedex/full/373.png
Mega Salamence.png;https://assets.pokemon.com/assets/cms2/img/pokedex/full/373_f2.png
Beldum.png;https://assets.pokemon.com/assets/cms2/img/pokedex/full/374.png
Metang.png;https://assets.pokemon.com/assets/cms2/img/pokedex/full/375.png
Metagross.png;https://assets.pokemon.com/assets/cms2/img/pokedex/full/376.png
Mega Metagross.png;https://assets.pokemon.com/assets/cms2/img/pokedex/full/376_f2.png
Regirock.png;https://assets.pokemon.com/assets/cms2/img/pokedex/full/377.png
Regice.png;https://assets.pokemon.com/assets/cms2/img/pokedex/full/378.png
Registeel.png;https://assets.pokemon.com/assets/cms2/img/pokedex/full/379.png
Latias.png;https://assets.pokemon.com/assets/cms2/img/pokedex/full/380.png
Mega Latias.png;https://assets.pokemon.com/assets/cms2/img/pokedex/full/380_f2.png
Latios.png;https://assets.pokemon.com/assets/cms2/img/pokedex/full/381.png
Mega Latios.png;https://assets.pokemon.com/assets/cms2/img/pokedex/full/381_f2.png
Kyogre.png;https://assets.pokemon.com/assets/cms2/img/pokedex/full/382.png
Primal Kyogre.png;https://assets.pokemon.com/assets/cms2/img/pokedex/full/382_f2.png
Groudon.png;https://assets.pokemon.com/assets/cms2/img/pokedex/full/383.png
Primal Groudon.png;https://assets.pokemon.com/assets/cms2/img/pokedex/full/383_f2.png
Rayquaza.png;https://assets.pokemon.com/assets/cms2/img/pokedex/full/384.png
Mega Rayquaza.png;https://assets.pokemon.com/assets/cms2/img/pokedex/full/384_f2.png
Jirachi.png;https://assets.pokemon.com/assets/cms2/img/pokedex/full/385.png
Deoxys Normal Forme.png;https://assets.pokemon.com/assets/cms2/img/pokedex/full/386.png
Deoxys Attack Forme.png;https://assets.pokemon.com/assets/cms2/img/pokedex/full/386_f2.png
Deoxys Defense Forme.png;https://assets.pokemon.com/assets/cms2/img/pokedex/full/386_f3.png
Deoxys Speed Forme.png;https://assets.pokemon.com/assets/cms2/img/pokedex/full/386_f4.png
Turtwig.png;https://assets.pokemon.com/assets/cms2/img/pokedex/full/387.png
Grotle.png;https://assets.pokemon.com/assets/cms2/img/pokedex/full/388.png
Torterra.png;https://assets.pokemon.com/assets/cms2/img/pokedex/full/389.png
Chimchar.png;https://assets.pokemon.com/assets/cms2/img/pokedex/full/390.png
Monferno.png;https://assets.pokemon.com/assets/cms2/img/pokedex/full/391.png
Infernape.png;https://assets.pokemon.com/assets/cms2/img/pokedex/full/392.png
Piplup.png;https://assets.pokemon.com/assets/cms2/img/pokedex/full/393.png
Prinplup.png;https://assets.pokemon.com/assets/cms2/img/pokedex/full/394.png
Empoleon.png;https://assets.pokemon.com/assets/cms2/img/pokedex/full/395.png
Starly.png;https://assets.pokemon.com/assets/cms2/img/pokedex/full/396.png
Staravia.png;https://assets.pokemon.com/assets/cms2/img/pokedex/full/397.png
Staraptor.png;https://assets.pokemon.com/assets/cms2/img/pokedex/full/398.png
Bidoof.png;https://assets.pokemon.com/assets/cms2/img/pokedex/full/399.png
Bibarel.png;https://assets.pokemon.com/assets/cms2/img/pokedex/full/400.png
Kricketot.png;https://assets.pokemon.com/assets/cms2/img/pokedex/full/401.png
Kricketune.png;https://assets.pokemon.com/assets/cms2/img/pokedex/full/402.png
Shinx.png;https://assets.pokemon.com/assets/cms2/img/pokedex/full/403.png
Luxio.png;https://assets.pokemon.com/assets/cms2/img/pokedex/full/404.png
Luxray.png;https://assets.pokemon.com/assets/cms2/img/pokedex/full/405.png
Budew.png;https://assets.pokemon.com/assets/cms2/img/pokedex/full/406.png
Roserade.png;https://assets.pokemon.com/assets/cms2/img/pokedex/full/407.png
Cranidos.png;https://assets.pokemon.com/assets/cms2/img/pokedex/full/408.png
Rampardos.png;https://assets.pokemon.com/assets/cms2/img/pokedex/full/409.png
Shieldon.png;https://assets.pokemon.com/assets/cms2/img/pokedex/full/410.png
Bastiodon.png;https://assets.pokemon.com/assets/cms2/img/pokedex/full/411.png
Burmy.png;https://assets.pokemon.com/assets/cms2/img/pokedex/full/412.png
Wormadam Plant Cloak.png;https://assets.pokemon.com/assets/cms2/img/pokedex/full/413.png
Wormadam Sandy Cloak.png;https://assets.pokemon.com/assets/cms2/img/pokedex/full/413_f2.png
Wormadam Trash Cloak.png;https://assets.pokemon.com/assets/cms2/img/pokedex/full/413_f3.png
Mothim.png;https://assets.pokemon.com/assets/cms2/img/pokedex/full/414.png
Combee.png;https://assets.pokemon.com/assets/cms2/img/pokedex/full/415.png
Vespiquen.png;https://assets.pokemon.com/assets/cms2/img/pokedex/full/416.png
Pachirisu.png;https://assets.pokemon.com/assets/cms2/img/pokedex/full/417.png
Buizel.png;https://assets.pokemon.com/assets/cms2/img/pokedex/full/418.png
Floatzel.png;https://assets.pokemon.com/assets/cms2/img/pokedex/full/419.png
Cherubi.png;https://assets.pokemon.com/assets/cms2/img/pokedex/full/420.png
Cherrim.png;https://assets.pokemon.com/assets/cms2/img/pokedex/full/421.png
Shellos.png;https://assets.pokemon.com/assets/cms2/img/pokedex/full/422.png
Gastrodon.png;https://assets.pokemon.com/assets/cms2/img/pokedex/full/423.png
Ambipom.png;https://assets.pokemon.com/assets/cms2/img/pokedex/full/424.png
Drifloon.png;https://assets.pokemon.com/assets/cms2/img/pokedex/full/425.png
Drifblim.png;https://assets.pokemon.com/assets/cms2/img/pokedex/full/426.png
Buneary.png;https://assets.pokemon.com/assets/cms2/img/pokedex/full/427.png
Lopunny.png;https://assets.pokemon.com/assets/cms2/img/pokedex/full/428.png
Mega Lopunny.png;https://assets.pokemon.com/assets/cms2/img/pokedex/full/428_f2.png
Mismagius.png;https://assets.pokemon.com/assets/cms2/img/pokedex/full/429.png
Honchkrow.png;https://assets.pokemon.com/assets/cms2/img/pokedex/full/430.png
Glameow.png;https://assets.pokemon.com/assets/cms2/img/pokedex/full/431.png
Purugly.png;https://assets.pokemon.com/assets/cms2/img/pokedex/full/432.png
Chingling.png;https://assets.pokemon.com/assets/cms2/img/pokedex/full/433.png
Stunky.png;https://assets.pokemon.com/assets/cms2/img/pokedex/full/434.png
Skuntank.png;https://assets.pokemon.com/assets/cms2/img/pokedex/full/435.png
Bronzor.png;https://assets.pokemon.com/assets/cms2/img/pokedex/full/436.png
Bronzong.png;https://assets.pokemon.com/assets/cms2/img/pokedex/full/437.png
Bonsly.png;https://assets.pokemon.com/assets/cms2/img/pokedex/full/438.png
Mime Jr..png;https://assets.pokemon.com/assets/cms2/img/pokedex/full/439.png
Happiny.png;https://assets.pokemon.com/assets/cms2/img/pokedex/full/440.png
Chatot.png;https://assets.pokemon.com/assets/cms2/img/pokedex/full/441.png
Spiritomb.png;https://assets.pokemon.com/assets/cms2/img/pokedex/full/442.png
Gible.png;https://assets.pokemon.com/assets/cms2/img/pokedex/full/443.png
Gabite.png;https://assets.pokemon.com/assets/cms2/img/pokedex/full/444.png
Garchomp.png;https://assets.pokemon.com/assets/cms2/img/pokedex/full/445.png
Mega Garchomp.png;https://assets.pokemon.com/assets/cms2/img/pokedex/full/445_f2.png
Munchlax.png;https://assets.pokemon.com/assets/cms2/img/pokedex/full/446.png
Riolu.png;https://assets.pokemon.com/assets/cms2/img/pokedex/full/447.png
Lucario.png;https://assets.pokemon.com/assets/cms2/img/pokedex/full/448.png
Mega Lucario.png;https://assets.pokemon.com/assets/cms2/img/pokedex/full/448_f2.png
Hippopotas.png;https://assets.pokemon.com/assets/cms2/img/pokedex/full/449.png
Hippowdon.png;https://assets.pokemon.com/assets/cms2/img/pokedex/full/450.png
Skorupi.png;https://assets.pokemon.com/assets/cms2/img/pokedex/full/451.png
Drapion.png;https://assets.pokemon.com/assets/cms2/img/pokedex/full/452.png
Croagunk.png;https://assets.pokemon.com/assets/cms2/img/pokedex/full/453.png
Toxicroak.png;https://assets.pokemon.com/assets/cms2/img/pokedex/full/454.png
Carnivine.png;https://assets.pokemon.com/assets/cms2/img/pokedex/full/455.png
Finneon.png;https://assets.pokemon.com/assets/cms2/img/pokedex/full/456.png
Lumineon.png;https://assets.pokemon.com/assets/cms2/img/pokedex/full/457.png
Mantyke.png;https://assets.pokemon.com/assets/cms2/img/pokedex/full/458.png
Snover.png;https://assets.pokemon.com/assets/cms2/img/pokedex/full/459.png
Abomasnow.png;https://assets.pokemon.com/assets/cms2/img/pokedex/full/460.png
Mega Abomasnow.png;https://assets.pokemon.com/assets/cms2/img/pokedex/full/460_f2.png
Weavile.png;https://assets.pokemon.com/assets/cms2/img/pokedex/full/461.png
Magnezone.png;https://assets.pokemon.com/assets/cms2/img/pokedex/full/462.png
Lickilicky.png;https://assets.pokemon.com/assets/cms2/img/pokedex/full/463.png
Rhyperior.png;https://assets.pokemon.com/assets/cms2/img/pokedex/full/464.png
Tangrowth.png;https://assets.pokemon.com/assets/cms2/img/pokedex/full/465.png
Electivire.png;https://assets.pokemon.com/assets/cms2/img/pokedex/full/466.png
Magmortar.png;https://assets.pokemon.com/assets/cms2/img/pokedex/full/467.png
Togekiss.png;https://assets.pokemon.com/assets/cms2/img/pokedex/full/468.png
Yanmega.png;https://assets.pokemon.com/assets/cms2/img/pokedex/full/469.png
Leafeon.png;https://assets.pokemon.com/assets/cms2/img/pokedex/full/470.png
Glaceon.png;https://assets.pokemon.com/assets/cms2/img/pokedex/full/471.png
Gliscor.png;https://assets.pokemon.com/assets/cms2/img/pokedex/full/472.png
Mamoswine.png;https://assets.pokemon.com/assets/cms2/img/pokedex/full/473.png
Porygon-Z.png;https://assets.pokemon.com/assets/cms2/img/pokedex/full/474.png
Gallade.png;https://assets.pokemon.com/assets/cms2/img/pokedex/full/475.png
Mega Gallade.png;https://assets.pokemon.com/assets/cms2/img/pokedex/full/475_f2.png
Probopass.png;https://assets.pokemon.com/assets/cms2/img/pokedex/full/476.png
Dusknoir.png;https://assets.pokemon.com/assets/cms2/img/pokedex/full/477.png
Froslass.png;https://assets.pokemon.com/assets/cms2/img/pokedex/full/478.png
Rotom.png;https://assets.pokemon.com/assets/cms2/img/pokedex/full/479.png
Heat Rotom.png;https://assets.pokemon.com/assets/cms2/img/pokedex/full/479_f2.png
Wash Rotom.png;https://assets.pokemon.com/assets/cms2/img/pokedex/full/479_f3.png
Frost Rotom.png;https://assets.pokemon.com/assets/cms2/img/pokedex/full/479_f4.png
Fan Rotom.png;https://assets.pokemon.com/assets/cms2/img/pokedex/full/479_f5.png
Mow Rotom.png;https://assets.pokemon.com/assets/cms2/img/pokedex/full/479_f6.png
Uxie.png;https://assets.pokemon.com/assets/cms2/img/pokedex/full/480.png
Mesprit.png;https://assets.pokemon.com/assets/cms2/img/pokedex/full/481.png
Azelf.png;https://assets.pokemon.com/assets/cms2/img/pokedex/full/482.png
Dialga.png;https://assets.pokemon.com/assets/cms2/img/pokedex/full/483.png
Palkia.png;https://assets.pokemon.com/assets/cms2/img/pokedex/full/484.png
Heatran.png;https://assets.pokemon.com/assets/cms2/img/pokedex/full/485.png
Regigigas.png;https://assets.pokemon.com/assets/cms2/img/pokedex/full/486.png
Giratina Altered Forme.png;https://assets.pokemon.com/assets/cms2/img/pokedex/full/487.png
Giratina Origin Forme.png;https://assets.pokemon.com/assets/cms2/img/pokedex/full/487_f2.png
Cresselia.png;https://assets.pokemon.com/assets/cms2/img/pokedex/full/488.png
Phione.png;https://assets.pokemon.com/assets/cms2/img/pokedex/full/489.png
Manaphy.png;https://assets.pokemon.com/assets/cms2/img/pokedex/full/490.png
Darkrai.png;https://assets.pokemon.com/assets/cms2/img/pokedex/full/491.png
Shaymin Land Forme.png;https://assets.pokemon.com/assets/cms2/img/pokedex/full/492.png
Shaymin Sky Forme.png;https://assets.pokemon.com/assets/cms2/img/pokedex/full/492_f2.png
Arceus.png;https://assets.pokemon.com/assets/cms2/img/pokedex/full/493.png
Victini.png;https://assets.pokemon.com/assets/cms2/img/pokedex/full/494.png
Snivy.png;https://assets.pokemon.com/assets/cms2/img/pokedex/full/495.png
Servine.png;https://assets.pokemon.com/assets/cms2/img/pokedex/full/496.png
Serperior.png;https://assets.pokemon.com/assets/cms2/img/pokedex/full/497.png
Tepig.png;https://assets.pokemon.com/assets/cms2/img/pokedex/full/498.png
Pignite.png;https://assets.pokemon.com/assets/cms2/img/pokedex/full/499.png
Emboar.png;https://assets.pokemon.com/assets/cms2/img/pokedex/full/500.png
Oshawott.png;https://assets.pokemon.com/assets/cms2/img/pokedex/full/501.png
Dewott.png;https://assets.pokemon.com/assets/cms2/img/pokedex/full/502.png
Samurott.png;https://assets.pokemon.com/assets/cms2/img/pokedex/full/503.png
Patrat.png;https://assets.pokemon.com/assets/cms2/img/pokedex/full/504.png
Watchog.png;https://assets.pokemon.com/assets/cms2/img/pokedex/full/505.png
Lillipup.png;https://assets.pokemon.com/assets/cms2/img/pokedex/full/506.png
Herdier.png;https://assets.pokemon.com/assets/cms2/img/pokedex/full/507.png
Stoutland.png;https://assets.pokemon.com/assets/cms2/img/pokedex/full/508.png
Purrloin.png;https://assets.pokemon.com/assets/cms2/img/pokedex/full/509.png
Liepard.png;https://assets.pokemon.com/assets/cms2/img/pokedex/full/510.png
Pansage.png;https://assets.pokemon.com/assets/cms2/img/pokedex/full/511.png
Simisage.png;https://assets.pokemon.com/assets/cms2/img/pokedex/full/512.png
Pansear.png;https://assets.pokemon.com/assets/cms2/img/pokedex/full/513.png
Simisear.png;https://assets.pokemon.com/assets/cms2/img/pokedex/full/514.png
Panpour.png;https://assets.pokemon.com/assets/cms2/img/pokedex/full/515.png
Simipour.png;https://assets.pokemon.com/assets/cms2/img/pokedex/full/516.png
Munna.png;https://assets.pokemon.com/assets/cms2/img/pokedex/full/517.png
Musharna.png;https://assets.pokemon.com/assets/cms2/img/pokedex/full/518.png
Pidove.png;https://assets.pokemon.com/assets/cms2/img/pokedex/full/519.png
Tranquill.png;https://assets.pokemon.com/assets/cms2/img/pokedex/full/520.png
Unfezant.png;https://assets.pokemon.com/assets/cms2/img/pokedex/full/521.png
Blitzle.png;https://assets.pokemon.com/assets/cms2/img/pokedex/full/522.png
Zebstrika.png;https://assets.pokemon.com/assets/cms2/img/pokedex/full/523.png
Roggenrola.png;https://assets.pokemon.com/assets/cms2/img/pokedex/full/524.png
Boldore.png;https://assets.pokemon.com/assets/cms2/img/pokedex/full/525.png
Gigalith.png;https://assets.pokemon.com/assets/cms2/img/pokedex/full/526.png
Woobat.png;https://assets.pokemon.com/assets/cms2/img/pokedex/full/527.png
Swoobat.png;https://assets.pokemon.com/assets/cms2/img/pokedex/full/528.png
Drilbur.png;https://assets.pokemon.com/assets/cms2/img/pokedex/full/529.png
Excadrill.png;https://assets.pokemon.com/assets/cms2/img/pokedex/full/530.png
Audino.png;https://assets.pokemon.com/assets/cms2/img/pokedex/full/531.png
Mega Audino.png;https://assets.pokemon.com/assets/cms2/img/pokedex/full/531_f2.png
Timburr.png;https://assets.pokemon.com/assets/cms2/img/pokedex/full/532.png
Gurdurr.png;https://assets.pokemon.com/assets/cms2/img/pokedex/full/533.png
Conkeldurr.png;https://assets.pokemon.com/assets/cms2/img/pokedex/full/534.png
Tympole.png;https://assets.pokemon.com/assets/cms2/img/pokedex/full/535.png
Palpitoad.png;https://assets.pokemon.com/assets/cms2/img/pokedex/full/536.png
Seismitoad.png;https://assets.pokemon.com/assets/cms2/img/pokedex/full/537.png
Throh.png;https://assets.pokemon.com/assets/cms2/img/pokedex/full/538.png
Sawk.png;https://assets.pokemon.com/assets/cms2/img/pokedex/full/539.png
Sewaddle.png;https://assets.pokemon.com/assets/cms2/img/pokedex/full/540.png
Swadloon.png;https://assets.pokemon.com/assets/cms2/img/pokedex/full/541.png
Leavanny.png;https://assets.pokemon.com/assets/cms2/img/pokedex/full/542.png
Venipede.png;https://assets.pokemon.com/assets/cms2/img/pokedex/full/543.png
Whirlipede.png;https://assets.pokemon.com/assets/cms2/img/pokedex/full/544.png
Scolipede.png;https://assets.pokemon.com/assets/cms2/img/pokedex/full/545.png
Cottonee.png;https://assets.pokemon.com/assets/cms2/img/pokedex/full/546.png
Whimsicott.png;https://assets.pokemon.com/assets/cms2/img/pokedex/full/547.png
Petilil.png;https://assets.pokemon.com/assets/cms2/img/pokedex/full/548.png
Lilligant.png;https://assets.pokemon.com/assets/cms2/img/pokedex/full/549.png
Basculin.png;https://assets.pokemon.com/assets/cms2/img/pokedex/full/550.png
Sandile.png;https://assets.pokemon.com/assets/cms2/img/pokedex/full/551.png
Krokorok.png;https://assets.pokemon.com/assets/cms2/img/pokedex/full/552.png
Krookodile.png;https://assets.pokemon.com/assets/cms2/img/pokedex/full/553.png
Darumaka.png;https://assets.pokemon.com/assets/cms2/img/pokedex/full/554.png
Galarian Darumaka.png;https://assets.pokemon.com/assets/cms2/img/pokedex/full/554_f2.png
Darmanitan Standard Mode.png;https://assets.pokemon.com/assets/cms2/img/pokedex/full/555.png
Galarian Darmanitan Standard Mode.png;https://assets.pokemon.com/assets/cms2/img/pokedex/full/555_f2.png
Darmanitan Zen Mode.png;https://assets.pokemon.com/assets/cms2/img/pokedex/full/555_f3.png
Galarian Darmanitan Zen Mode.png;https://assets.pokemon.com/assets/cms2/img/pokedex/full/555_f4.png
Maractus.png;https://assets.pokemon.com/assets/cms2/img/pokedex/full/556.png
Dwebble.png;https://assets.pokemon.com/assets/cms2/img/pokedex/full/557.png
Crustle.png;https://assets.pokemon.com/assets/cms2/img/pokedex/full/558.png
Scraggy.png;https://assets.pokemon.com/assets/cms2/img/pokedex/full/559.png
Scrafty.png;https://assets.pokemon.com/assets/cms2/img/pokedex/full/560.png
Sigilyph.png;https://assets.pokemon.com/assets/cms2/img/pokedex/full/561.png
Yamask.png;https://assets.pokemon.com/assets/cms2/img/pokedex/full/562.png
Galarian Yamask.png;https://assets.pokemon.com/assets/cms2/img/pokedex/full/562_f2.png
Cofagrigus.png;https://assets.pokemon.com/assets/cms2/img/pokedex/full/563.png
Tirtouga.png;https://assets.pokemon.com/assets/cms2/img/pokedex/full/564.png
Carracosta.png;https://assets.pokemon.com/assets/cms2/img/pokedex/full/565.png
Archen.png;https://assets.pokemon.com/assets/cms2/img/pokedex/full/566.png
Archeops.png;https://assets.pokemon.com/assets/cms2/img/pokedex/full/567.png
Trubbish.png;https://assets.pokemon.com/assets/cms2/img/pokedex/full/568.png
Garbodor.png;https://assets.pokemon.com/assets/cms2/img/pokedex/full/569.png
Gigantamax Garbodor.png;https://assets.pokemon.com/assets/cms2/img/pokedex/full/569_f2.png
Zorua.png;https://assets.pokemon.com/assets/cms2/img/pokedex/full/570.png
Zoroark.png;https://assets.pokemon.com/assets/cms2/img/pokedex/full/571.png
Minccino.png;https://assets.pokemon.com/assets/cms2/img/pokedex/full/572.png
Cinccino.png;https://assets.pokemon.com/assets/cms2/img/pokedex/full/573.png
Gothita.png;https://assets.pokemon.com/assets/cms2/img/pokedex/full/574.png
Gothorita.png;https://assets.pokemon.com/assets/cms2/img/pokedex/full/575.png
Gothitelle.png;https://assets.pokemon.com/assets/cms2/img/pokedex/full/576.png
Solosis.png;https://assets.pokemon.com/assets/cms2/img/pokedex/full/577.png
Duosion.png;https://assets.pokemon.com/assets/cms2/img/pokedex/full/578.png
Reuniclus.png;https://assets.pokemon.com/assets/cms2/img/pokedex/full/579.png
Ducklett.png;https://assets.pokemon.com/assets/cms2/img/pokedex/full/580.png
Swanna.png;https://assets.pokemon.com/assets/cms2/img/pokedex/full/581.png
Vanillite.png;https://assets.pokemon.com/assets/cms2/img/pokedex/full/582.png
Vanillish.png;https://assets.pokemon.com/assets/cms2/img/pokedex/full/583.png
Vanilluxe.png;https://assets.pokemon.com/assets/cms2/img/pokedex/full/584.png
Deerling.png;https://assets.pokemon.com/assets/cms2/img/pokedex/full/585.png
Sawsbuck.png;https://assets.pokemon.com/assets/cms2/img/pokedex/full/586.png
Emolga.png;https://assets.pokemon.com/assets/cms2/img/pokedex/full/587.png
Karrablast.png;https://assets.pokemon.com/assets/cms2/img/pokedex/full/588.png
Escavalier.png;https://assets.pokemon.com/assets/cms2/img/pokedex/full/589.png
Foongus.png;https://assets.pokemon.com/assets/cms2/img/pokedex/full/590.png
Amoonguss.png;https://assets.pokemon.com/assets/cms2/img/pokedex/full/591.png
Frillish.png;https://assets.pokemon.com/assets/cms2/img/pokedex/full/592.png
Jellicent.png;https://assets.pokemon.com/assets/cms2/img/pokedex/full/593.png
Alomomola.png;https://assets.pokemon.com/assets/cms2/img/pokedex/full/594.png
Joltik.png;https://assets.pokemon.com/assets/cms2/img/pokedex/full/595.png
Galvantula.png;https://assets.pokemon.com/assets/cms2/img/pokedex/full/596.png
Ferroseed.png;https://assets.pokemon.com/assets/cms2/img/pokedex/full/597.png
Ferrothorn.png;https://assets.pokemon.com/assets/cms2/img/pokedex/full/598.png
Klink.png;https://assets.pokemon.com/assets/cms2/img/pokedex/full/599.png
Klang.png;https://assets.pokemon.com/assets/cms2/img/pokedex/full/600.png
Klinklang.png;https://assets.pokemon.com/assets/cms2/img/pokedex/full/601.png
Tynamo.png;https://assets.pokemon.com/assets/cms2/img/pokedex/full/602.png
Eelektrik.png;https://assets.pokemon.com/assets/cms2/img/pokedex/full/603.png
Eelektross.png;https://assets.pokemon.com/assets/cms2/img/pokedex/full/604.png
Elgyem.png;https://assets.pokemon.com/assets/cms2/img/pokedex/full/605.png
Beheeyem.png;https://assets.pokemon.com/assets/cms2/img/pokedex/full/606.png
Litwick.png;https://assets.pokemon.com/assets/cms2/img/pokedex/full/607.png
Lampent.png;https://assets.pokemon.com/assets/cms2/img/pokedex/full/608.png
Chandelure.png;https://assets.pokemon.com/assets/cms2/img/pokedex/full/609.png
Axew.png;https://assets.pokemon.com/assets/cms2/img/pokedex/full/610.png
Fraxure.png;https://assets.pokemon.com/assets/cms2/img/pokedex/full/611.png
Haxorus.png;https://assets.pokemon.com/assets/cms2/img/pokedex/full/612.png
Cubchoo.png;https://assets.pokemon.com/assets/cms2/img/pokedex/full/613.png
Beartic.png;https://assets.pokemon.com/assets/cms2/img/pokedex/full/614.png
Cryogonal.png;https://assets.pokemon.com/assets/cms2/img/pokedex/full/615.png
Shelmet.png;https://assets.pokemon.com/assets/cms2/img/pokedex/full/616.png
Accelgor.png;https://assets.pokemon.com/assets/cms2/img/pokedex/full/617.png
Stunfisk.png;https://assets.pokemon.com/assets/cms2/img/pokedex/full/618.png
Galarian Stunfisk.png;https://assets.pokemon.com/assets/cms2/img/pokedex/full/618_f2.png
Mienfoo.png;https://assets.pokemon.com/assets/cms2/img/pokedex/full/619.png
Mienshao.png;https://assets.pokemon.com/assets/cms2/img/pokedex/full/620.png
Druddigon.png;https://assets.pokemon.com/assets/cms2/img/pokedex/full/621.png
Golett.png;https://assets.pokemon.com/assets/cms2/img/pokedex/full/622.png
Golurk.png;https://assets.pokemon.com/assets/cms2/img/pokedex/full/623.png
Pawniard.png;https://assets.pokemon.com/assets/cms2/img/pokedex/full/624.png
Bisharp.png;https://assets.pokemon.com/assets/cms2/img/pokedex/full/625.png
Bouffalant.png;https://assets.pokemon.com/assets/cms2/img/pokedex/full/626.png
Rufflet.png;https://assets.pokemon.com/assets/cms2/img/pokedex/full/627.png
Braviary.png;https://assets.pokemon.com/assets/cms2/img/pokedex/full/628.png
Vullaby.png;https://assets.pokemon.com/assets/cms2/img/pokedex/full/629.png
Mandibuzz.png;https://assets.pokemon.com/assets/cms2/img/pokedex/full/630.png
Heatmor.png;https://assets.pokemon.com/assets/cms2/img/pokedex/full/631.png
Durant.png;https://assets.pokemon.com/assets/cms2/img/pokedex/full/632.png
Deino.png;https://assets.pokemon.com/assets/cms2/img/pokedex/full/633.png
Zweilous.png;https://assets.pokemon.com/assets/cms2/img/pokedex/full/634.png
Hydreigon.png;https://assets.pokemon.com/assets/cms2/img/pokedex/full/635.png
Larvesta.png;https://assets.pokemon.com/assets/cms2/img/pokedex/full/636.png
Volcarona.png;https://assets.pokemon.com/assets/cms2/img/pokedex/full/637.png
Cobalion.png;https://assets.pokemon.com/assets/cms2/img/pokedex/full/638.png
Terrakion.png;https://assets.pokemon.com/assets/cms2/img/pokedex/full/639.png
Virizion.png;https://assets.pokemon.com/assets/cms2/img/pokedex/full/640.png
Tornadus Incarnate Forme.png;https://assets.pokemon.com/assets/cms2/img/pokedex/full/641.png
Tornadus Therian Forme.png;https://assets.pokemon.com/assets/cms2/img/pokedex/full/641_f2.png
Thundurus Incarnate Forme.png;https://assets.pokemon.com/assets/cms2/img/pokedex/full/642.png
Thundurus Therian Forme.png;https://assets.pokemon.com/assets/cms2/img/pokedex/full/642_f2.png
Reshiram.png;https://assets.pokemon.com/assets/cms2/img/pokedex/full/643.png
Zekrom.png;https://assets.pokemon.com/assets/cms2/img/pokedex/full/644.png
Landorus Incarnate Forme.png;https://assets.pokemon.com/assets/cms2/img/pokedex/full/645.png
Landorus Therian Forme.png;https://assets.pokemon.com/assets/cms2/img/pokedex/full/645_f2.png
Kyurem.png;https://assets.pokemon.com/assets/cms2/img/pokedex/full/646.png
Black Kyurem.png;https://assets.pokemon.com/assets/cms2/img/pokedex/full/646_f2.png
White Kyurem.png;https://assets.pokemon.com/assets/cms2/img/pokedex/full/646_f3.png
Keldeo Ordinary Forme.png;https://assets.pokemon.com/assets/cms2/img/pokedex/full/647.png
Keldeo Resolute Forme.png;https://assets.pokemon.com/assets/cms2/img/pokedex/full/647_f2.png
Meloetta Aria Forme.png;https://assets.pokemon.com/assets/cms2/img/pokedex/full/648.png
Meloetta Pirouette Forme.png;https://assets.pokemon.com/assets/cms2/img/pokedex/full/648_f2.png
Genesect.png;https://assets.pokemon.com/assets/cms2/img/pokedex/full/649.png
Chespin.png;https://assets.pokemon.com/assets/cms2/img/pokedex/full/650.png
Quilladin.png;https://assets.pokemon.com/assets/cms2/img/pokedex/full/651.png
Chesnaught.png;https://assets.pokemon.com/assets/cms2/img/pokedex/full/652.png
Fennekin.png;https://assets.pokemon.com/assets/cms2/img/pokedex/full/653.png
Braixen.png;https://assets.pokemon.com/assets/cms2/img/pokedex/full/654.png
Delphox.png;https://assets.pokemon.com/assets/cms2/img/pokedex/full/655.png
Froakie.png;https://assets.pokemon.com/assets/cms2/img/pokedex/full/656.png
Frogadier.png;https://assets.pokemon.com/assets/cms2/img/pokedex/full/657.png
Greninja.png;https://assets.pokemon.com/assets/cms2/img/pokedex/full/658.png
Ash-Greninja.png;https://assets.pokemon.com/assets/cms2/img/pokedex/full/658_f2.png
Bunnelby.png;https://assets.pokemon.com/assets/cms2/img/pokedex/full/659.png
Diggersby.png;https://assets.pokemon.com/assets/cms2/img/pokedex/full/660.png
Fletchling.png;https://assets.pokemon.com/assets/cms2/img/pokedex/full/661.png
Fletchinder.png;https://assets.pokemon.com/assets/cms2/img/pokedex/full/662.png
Talonflame.png;https://assets.pokemon.com/assets/cms2/img/pokedex/full/663.png
Scatterbug.png;https://assets.pokemon.com/assets/cms2/img/pokedex/full/664.png
Spewpa.png;https://assets.pokemon.com/assets/cms2/img/pokedex/full/665.png
Vivillon.png;https://assets.pokemon.com/assets/cms2/img/pokedex/full/666.png
Litleo.png;https://assets.pokemon.com/assets/cms2/img/pokedex/full/667.png
Pyroar.png;https://assets.pokemon.com/assets/cms2/img/pokedex/full/668.png
FlabÃ©bÃ©.png;https://assets.pokemon.com/assets/cms2/img/pokedex/full/669.png
Floette.png;https://assets.pokemon.com/assets/cms2/img/pokedex/full/670.png
Florges.png;https://assets.pokemon.com/assets/cms2/img/pokedex/full/671.png
Skiddo.png;https://assets.pokemon.com/assets/cms2/img/pokedex/full/672.png
Gogoat.png;https://assets.pokemon.com/assets/cms2/img/pokedex/full/673.png
Pancham.png;https://assets.pokemon.com/assets/cms2/img/pokedex/full/674.png
Pangoro.png;https://assets.pokemon.com/assets/cms2/img/pokedex/full/675.png
Furfrou.png;https://assets.pokemon.com/assets/cms2/img/pokedex/full/676.png
Espurr.png;https://assets.pokemon.com/assets/cms2/img/pokedex/full/677.png
Meowstic Male.png;https://assets.pokemon.com/assets/cms2/img/pokedex/full/678.png
Meowstic Female.png;https://assets.pokemon.com/assets/cms2/img/pokedex/full/678_f2.png
Honedge.png;https://assets.pokemon.com/assets/cms2/img/pokedex/full/679.png
Doublade.png;https://assets.pokemon.com/assets/cms2/img/pokedex/full/680.png
Aegislash Blade Forme.png;https://assets.pokemon.com/assets/cms2/img/pokedex/full/681.png
Aegislash Shield Forme.png;https://assets.pokemon.com/assets/cms2/img/pokedex/full/681_f2.png
Spritzee.png;https://assets.pokemon.com/assets/cms2/img/pokedex/full/682.png
Aromatisse.png;https://assets.pokemon.com/assets/cms2/img/pokedex/full/683.png
Swirlix.png;https://assets.pokemon.com/assets/cms2/img/pokedex/full/684.png
Slurpuff.png;https://assets.pokemon.com/assets/cms2/img/pokedex/full/685.png
Inkay.png;https://assets.pokemon.com/assets/cms2/img/pokedex/full/686.png
Malamar.png;https://assets.pokemon.com/assets/cms2/img/pokedex/full/687.png
Binacle.png;https://assets.pokemon.com/assets/cms2/img/pokedex/full/688.png
Barbaracle.png;https://assets.pokemon.com/assets/cms2/img/pokedex/full/689.png
Skrelp.png;https://assets.pokemon.com/assets/cms2/img/pokedex/full/690.png
Dragalge.png;https://assets.pokemon.com/assets/cms2/img/pokedex/full/691.png
Clauncher.png;https://assets.pokemon.com/assets/cms2/img/pokedex/full/692.png
Clawitzer.png;https://assets.pokemon.com/assets/cms2/img/pokedex/full/693.png
Helioptile.png;https://assets.pokemon.com/assets/cms2/img/pokedex/full/694.png
Heliolisk.png;https://assets.pokemon.com/assets/cms2/img/pokedex/full/695.png
Tyrunt.png;https://assets.pokemon.com/assets/cms2/img/pokedex/full/696.png
Tyrantrum.png;https://assets.pokemon.com/assets/cms2/img/pokedex/full/697.png
Amaura.png;https://assets.pokemon.com/assets/cms2/img/pokedex/full/698.png
Aurorus.png;https://assets.pokemon.com/assets/cms2/img/pokedex/full/699.png
Sylveon.png;https://assets.pokemon.com/assets/cms2/img/pokedex/full/700.png
Hawlucha.png;https://assets.pokemon.com/assets/cms2/img/pokedex/full/701.png
Dedenne.png;https://assets.pokemon.com/assets/cms2/img/pokedex/full/702.png
Carbink.png;https://assets.pokemon.com/assets/cms2/img/pokedex/full/703.png
Goomy.png;https://assets.pokemon.com/assets/cms2/img/pokedex/full/704.png
Sliggoo.png;https://assets.pokemon.com/assets/cms2/img/pokedex/full/705.png
Goodra.png;https://assets.pokemon.com/assets/cms2/img/pokedex/full/706.png
Klefki.png;https://assets.pokemon.com/assets/cms2/img/pokedex/full/707.png
Phantump.png;https://assets.pokemon.com/assets/cms2/img/pokedex/full/708.png
Trevenant.png;https://assets.pokemon.com/assets/cms2/img/pokedex/full/709.png
Pumpkaboo Average Size.png;https://assets.pokemon.com/assets/cms2/img/pokedex/full/710.png
Pumpkaboo Small Size.png;https://assets.pokemon.com/assets/cms2/img/pokedex/full/710_f2.png
Pumpkaboo Large Size.png;https://assets.pokemon.com/assets/cms2/img/pokedex/full/710_f3.png
Pumpkaboo Super Size.png;https://assets.pokemon.com/assets/cms2/img/pokedex/full/710_f4.png
Gourgeist Average Size.png;https://assets.pokemon.com/assets/cms2/img/pokedex/full/711.png
Gourgeist Small Size.png;https://assets.pokemon.com/assets/cms2/img/pokedex/full/711_f2.png
Gourgeist Large Size.png;https://assets.pokemon.com/assets/cms2/img/pokedex/full/711_f3.png
Gourgeist Super Size.png;https://assets.pokemon.com/assets/cms2/img/pokedex/full/711_f4.png
Bergmite.png;https://assets.pokemon.com/assets/cms2/img/pokedex/full/712.png
Avalugg.png;https://assets.pokemon.com/assets/cms2/img/pokedex/full/713.png
Noibat.png;https://assets.pokemon.com/assets/cms2/img/pokedex/full/714.png
Noivern.png;https://assets.pokemon.com/assets/cms2/img/pokedex/full/715.png
Xerneas.png;https://assets.pokemon.com/assets/cms2/img/pokedex/full/716.png
Yveltal.png;https://assets.pokemon.com/assets/cms2/img/pokedex/full/717.png
Zygarde 10% Forme.png;https://assets.pokemon.com/assets/cms2/img/pokedex/full/718.png
Zygarde 50% Forme.png;https://assets.pokemon.com/assets/cms2/img/pokedex/full/718_f2.png
Zygarde Complete Forme.png;https://assets.pokemon.com/assets/cms2/img/pokedex/full/718_f3.png
Diancie.png;https://assets.pokemon.com/assets/cms2/img/pokedex/full/719.png
Mega Diancie.png;https://assets.pokemon.com/assets/cms2/img/pokedex/full/719_f2.png
Hoopa Confined.png;https://assets.pokemon.com/assets/cms2/img/pokedex/full/720.png
Hoopa Unbound.png;https://assets.pokemon.com/assets/cms2/img/pokedex/full/720_f2.png
Volcanion.png;https://assets.pokemon.com/assets/cms2/img/pokedex/full/721.png
Rowlet.png;https://assets.pokemon.com/assets/cms2/img/pokedex/full/722.png
Dartrix.png;https://assets.pokemon.com/assets/cms2/img/pokedex/full/723.png
Decidueye.png;https://assets.pokemon.com/assets/cms2/img/pokedex/full/724.png
Litten.png;https://assets.pokemon.com/assets/cms2/img/pokedex/full/725.png
Torracat.png;https://assets.pokemon.com/assets/cms2/img/pokedex/full/726.png
Incineroar.png;https://assets.pokemon.com/assets/cms2/img/pokedex/full/727.png
Popplio.png;https://assets.pokemon.com/assets/cms2/img/pokedex/full/728.png
Brionne.png;https://assets.pokemon.com/assets/cms2/img/pokedex/full/729.png
Primarina.png;https://assets.pokemon.com/assets/cms2/img/pokedex/full/730.png
Pikipek.png;https://assets.pokemon.com/assets/cms2/img/pokedex/full/731.png
Trumbeak.png;https://assets.pokemon.com/assets/cms2/img/pokedex/full/732.png
Toucannon.png;https://assets.pokemon.com/assets/cms2/img/pokedex/full/733.png
Yungoos.png;https://assets.pokemon.com/assets/cms2/img/pokedex/full/734.png
Gumshoos.png;https://assets.pokemon.com/assets/cms2/img/pokedex/full/735.png
Grubbin.png;https://assets.pokemon.com/assets/cms2/img/pokedex/full/736.png
Charjabug.png;https://assets.pokemon.com/assets/cms2/img/pokedex/full/737.png
Vikavolt.png;https://assets.pokemon.com/assets/cms2/img/pokedex/full/738.png
Crabrawler.png;https://assets.pokemon.com/assets/cms2/img/pokedex/full/739.png
Crabominable.png;https://assets.pokemon.com/assets/cms2/img/pokedex/full/740.png
Oricorio Baile Style.png;https://assets.pokemon.com/assets/cms2/img/pokedex/full/741.png
Oricorio Pom-Pom Style.png;https://assets.pokemon.com/assets/cms2/img/pokedex/full/741_f2.png
Oricorio P'au Style.png;https://assets.pokemon.com/assets/cms2/img/pokedex/full/741_f3.png
Oricorio Sensu Style.png;https://assets.pokemon.com/assets/cms2/img/pokedex/full/741_f4.png
Cutiefly.png;https://assets.pokemon.com/assets/cms2/img/pokedex/full/742.png
Ribombee.png;https://assets.pokemon.com/assets/cms2/img/pokedex/full/743.png
Rockruff.png;https://assets.pokemon.com/assets/cms2/img/pokedex/full/744.png
Lycanroc Midday Forme.png;https://assets.pokemon.com/assets/cms2/img/pokedex/full/745.png
Lycanroc Midnight Forme.png;https://assets.pokemon.com/assets/cms2/img/pokedex/full/745_f2.png
Lycanroc Dusk Forme.png;https://assets.pokemon.com/assets/cms2/img/pokedex/full/745_f3.png
Wishiwashi Solo Forme.png;https://assets.pokemon.com/assets/cms2/img/pokedex/full/746.png
Wishiwashi School Forme.png;https://assets.pokemon.com/assets/cms2/img/pokedex/full/746_f2.png
Mareanie.png;https://assets.pokemon.com/assets/cms2/img/pokedex/full/747.png
Toxapex.png;https://assets.pokemon.com/assets/cms2/img/pokedex/full/748.png
Mudbray.png;https://assets.pokemon.com/assets/cms2/img/pokedex/full/749.png
Mudsdale.png;https://assets.pokemon.com/assets/cms2/img/pokedex/full/750.png
Dewpider.png;https://assets.pokemon.com/assets/cms2/img/pokedex/full/751.png
Araquanid.png;https://assets.pokemon.com/assets/cms2/img/pokedex/full/752.png
Fomantis.png;https://assets.pokemon.com/assets/cms2/img/pokedex/full/753.png
Lurantis.png;https://assets.pokemon.com/assets/cms2/img/pokedex/full/754.png
Morelull.png;https://assets.pokemon.com/assets/cms2/img/pokedex/full/755.png
Shiinotic.png;https://assets.pokemon.com/assets/cms2/img/pokedex/full/756.png
Salandit.png;https://assets.pokemon.com/assets/cms2/img/pokedex/full/757.png
Salazzle.png;https://assets.pokemon.com/assets/cms2/img/pokedex/full/758.png
Stufful.png;https://assets.pokemon.com/assets/cms2/img/pokedex/full/759.png
Bewear.png;https://assets.pokemon.com/assets/cms2/img/pokedex/full/760.png
Bounsweet.png;https://assets.pokemon.com/assets/cms2/img/pokedex/full/761.png
Steenee.png;https://assets.pokemon.com/assets/cms2/img/pokedex/full/762.png
Tsareena.png;https://assets.pokemon.com/assets/cms2/img/pokedex/full/763.png
Comfey.png;https://assets.pokemon.com/assets/cms2/img/pokedex/full/764.png
Oranguru.png;https://assets.pokemon.com/assets/cms2/img/pokedex/full/765.png
Passimian.png;https://assets.pokemon.com/assets/cms2/img/pokedex/full/766.png
Wimpod.png;https://assets.pokemon.com/assets/cms2/img/pokedex/full/767.png
Golisopod.png;https://assets.pokemon.com/assets/cms2/img/pokedex/full/768.png
Sandygast.png;https://assets.pokemon.com/assets/cms2/img/pokedex/full/769.png
Palossand.png;https://assets.pokemon.com/assets/cms2/img/pokedex/full/770.png
Pyukumuku.png;https://assets.pokemon.com/assets/cms2/img/pokedex/full/771.png
Type: Null.png;https://assets.pokemon.com/assets/cms2/img/pokedex/full/772.png
Silvally.png;https://assets.pokemon.com/assets/cms2/img/pokedex/full/773.png
Minior Meteor Forme.png;https://assets.pokemon.com/assets/cms2/img/pokedex/full/774.png
Minior Core Forme.png;https://assets.pokemon.com/assets/cms2/img/pokedex/full/774_f2.png
Komala.png;https://assets.pokemon.com/assets/cms2/img/pokedex/full/775.png
Turtonator.png;https://assets.pokemon.com/assets/cms2/img/pokedex/full/776.png
Togedemaru.png;https://assets.pokemon.com/assets/cms2/img/pokedex/full/777.png
Mimikyu.png;https://assets.pokemon.com/assets/cms2/img/pokedex/full/778.png
Bruxish.png;https://assets.pokemon.com/assets/cms2/img/pokedex/full/779.png
Drampa.png;https://assets.pokemon.com/assets/cms2/img/pokedex/full/780.png
Dhelmise.png;https://assets.pokemon.com/assets/cms2/img/pokedex/full/781.png
Jangmo-o.png;https://assets.pokemon.com/assets/cms2/img/pokedex/full/782.png
Hakamo-o.png;https://assets.pokemon.com/assets/cms2/img/pokedex/full/783.png
Kommo-o.png;https://assets.pokemon.com/assets/cms2/img/pokedex/full/784.png
Tapu Koko.png;https://assets.pokemon.com/assets/cms2/img/pokedex/full/785.png
Tapu Lele.png;https://assets.pokemon.com/assets/cms2/img/pokedex/full/786.png
Tapu Bulu.png;https://assets.pokemon.com/assets/cms2/img/pokedex/full/787.png
Tapu Fini.png;https://assets.pokemon.com/assets/cms2/img/pokedex/full/788.png
Cosmog.png;https://assets.pokemon.com/assets/cms2/img/pokedex/full/789.png
Cosmoem.png;https://assets.pokemon.com/assets/cms2/img/pokedex/full/790.png
Solgaleo.png;https://assets.pokemon.com/assets/cms2/img/pokedex/full/791.png
Lunala.png;https://assets.pokemon.com/assets/cms2/img/pokedex/full/792.png
Nihilego.png;https://assets.pokemon.com/assets/cms2/img/pokedex/full/793.png
Buzzwole.png;https://assets.pokemon.com/assets/cms2/img/pokedex/full/794.png
Pheromosa.png;https://assets.pokemon.com/assets/cms2/img/pokedex/full/795.png
Xurkitree.png;https://assets.pokemon.com/assets/cms2/img/pokedex/full/796.png
Celesteela.png;https://assets.pokemon.com/assets/cms2/img/pokedex/full/797.png
Kartana.png;https://assets.pokemon.com/assets/cms2/img/pokedex/full/798.png
Guzzlord.png;https://assets.pokemon.com/assets/cms2/img/pokedex/full/799.png
Necrozma.png;https://assets.pokemon.com/assets/cms2/img/pokedex/full/800.png
Dusk Mane Necrozma.png;https://assets.pokemon.com/assets/cms2/img/pokedex/full/800_f2.png
Dawn Wings Necrozma.png;https://assets.pokemon.com/assets/cms2/img/pokedex/full/800_f3.png
Ultra Necrozma.png;https://assets.pokemon.com/assets/cms2/img/pokedex/full/800_f4.png
Magearna.png;https://assets.pokemon.com/assets/cms2/img/pokedex/full/801.png
Marshadow.png;https://assets.pokemon.com/assets/cms2/img/pokedex/full/802.png
Poipole.png;https://assets.pokemon.com/assets/cms2/img/pokedex/full/803.png
Naganadel.png;https://assets.pokemon.com/assets/cms2/img/pokedex/full/804.png
Stakataka.png;https://assets.pokemon.com/assets/cms2/img/pokedex/full/805.png
Blacephalon.png;https://assets.pokemon.com/assets/cms2/img/pokedex/full/806.png
Zeraora.png;https://assets.pokemon.com/assets/cms2/img/pokedex/full/807.png
Meltan.png;https://assets.pokemon.com/assets/cms2/img/pokedex/full/808.png
Melmetal.png;https://assets.pokemon.com/assets/cms2/img/pokedex/full/809.png
Gigantamax Melmetal.png;https://assets.pokemon.com/assets/cms2/img/pokedex/full/809_f2.png
Grookey.png;https://assets.pokemon.com/assets/cms2/img/pokedex/full/810.png
Thwackey.png;https://assets.pokemon.com/assets/cms2/img/pokedex/full/811.png
Rillaboom.png;https://assets.pokemon.com/assets/cms2/img/pokedex/full/812.png
Gigantamax Rillaboom.png;https://assets.pokemon.com/assets/cms2/img/pokedex/full/812_f2.png
Scorbunny.png;https://assets.pokemon.com/assets/cms2/img/pokedex/full/813.png
Raboot.png;https://assets.pokemon.com/assets/cms2/img/pokedex/full/814.png
Cinderace.png;https://assets.pokemon.com/assets/cms2/img/pokedex/full/815.png
Gigantamax Cinderace.png;https://assets.pokemon.com/assets/cms2/img/pokedex/full/815_f2.png
Sobble.png;https://assets.pokemon.com/assets/cms2/img/pokedex/full/816.png
Drizzile.png;https://assets.pokemon.com/assets/cms2/img/pokedex/full/817.png
Inteleon.png;https://assets.pokemon.com/assets/cms2/img/pokedex/full/818.png
Gigantamax Inteleon.png;https://assets.pokemon.com/assets/cms2/img/pokedex/full/818_f2.png
Skwovet.png;https://assets.pokemon.com/assets/cms2/img/pokedex/full/819.png
Greedent.png;https://assets.pokemon.com/assets/cms2/img/pokedex/full/820.png
Rookidee.png;https://assets.pokemon.com/assets/cms2/img/pokedex/full/821.png
Corvisquire.png;https://assets.pokemon.com/assets/cms2/img/pokedex/full/822.png
Corviknight.png;https://assets.pokemon.com/assets/cms2/img/pokedex/full/823.png
Gigantamax Corviknight.png;https://assets.pokemon.com/assets/cms2/img/pokedex/full/823_f2.png
Blipbug.png;https://assets.pokemon.com/assets/cms2/img/pokedex/full/824.png
Dottler.png;https://assets.pokemon.com/assets/cms2/img/pokedex/full/825.png
Orbeetle.png;https://assets.pokemon.com/assets/cms2/img/pokedex/full/826.png
Gigantamax Orbeetle.png;https://assets.pokemon.com/assets/cms2/img/pokedex/full/826_f2.png
Nickit.png;https://assets.pokemon.com/assets/cms2/img/pokedex/full/827.png
Thievul.png;https://assets.pokemon.com/assets/cms2/img/pokedex/full/828.png
Gossifleur.png;https://assets.pokemon.com/assets/cms2/img/pokedex/full/829.png
Eldegoss.png;https://assets.pokemon.com/assets/cms2/img/pokedex/full/830.png
Wooloo.png;https://assets.pokemon.com/assets/cms2/img/pokedex/full/831.png
Dubwool.png;https://assets.pokemon.com/assets/cms2/img/pokedex/full/832.png
Chewtle.png;https://assets.pokemon.com/assets/cms2/img/pokedex/full/833.png
Drednaw.png;https://assets.pokemon.com/assets/cms2/img/pokedex/full/834.png
Gigantamax Drednaw.png;https://assets.pokemon.com/assets/cms2/img/pokedex/full/834_f2.png
Yamper.png;https://assets.pokemon.com/assets/cms2/img/pokedex/full/835.png
Boltund.png;https://assets.pokemon.com/assets/cms2/img/pokedex/full/836.png
Rolycoly.png;https://assets.pokemon.com/assets/cms2/img/pokedex/full/837.png
Carkol.png;https://assets.pokemon.com/assets/cms2/img/pokedex/full/838.png
Coalossal.png;https://assets.pokemon.com/assets/cms2/img/pokedex/full/839.png
Gigantamax Coalossal.png;https://assets.pokemon.com/assets/cms2/img/pokedex/full/839_f2.png
Applin.png;https://assets.pokemon.com/assets/cms2/img/pokedex/full/840.png
Flapple.png;https://assets.pokemon.com/assets/cms2/img/pokedex/full/841.png
Gigantamax Flapple.png;https://assets.pokemon.com/assets/cms2/img/pokedex/full/841_f2.png
Appletun.png;https://assets.pokemon.com/assets/cms2/img/pokedex/full/842.png
Gigantamax Appletun.png;https://assets.pokemon.com/assets/cms2/img/pokedex/full/842_f2.png
Silicobra.png;https://assets.pokemon.com/assets/cms2/img/pokedex/full/843.png
Sandaconda.png;https://assets.pokemon.com/assets/cms2/img/pokedex/full/844.png
Gigantamax Sandaconda.png;https://assets.pokemon.com/assets/cms2/img/pokedex/full/844_f2.png
Cramorant.png;https://assets.pokemon.com/assets/cms2/img/pokedex/full/845.png
Arrokuda.png;https://assets.pokemon.com/assets/cms2/img/pokedex/full/846.png
Barraskewda.png;https://assets.pokemon.com/assets/cms2/img/pokedex/full/847.png
Toxel.png;https://assets.pokemon.com/assets/cms2/img/pokedex/full/848.png
Toxtricity Amped Forme.png;https://assets.pokemon.com/assets/cms2/img/pokedex/full/849.png
Toxitricity Low Key Forme.png;https://assets.pokemon.com/assets/cms2/img/pokedex/full/849_f2.png
Gigantamax Toxitricity.png;https://assets.pokemon.com/assets/cms2/img/pokedex/full/849_f3.png
Sizzlipede.png;https://assets.pokemon.com/assets/cms2/img/pokedex/full/850.png
Centiskorch.png;https://assets.pokemon.com/assets/cms2/img/pokedex/full/851.png
Gigantamax Centiskorch.png;https://assets.pokemon.com/assets/cms2/img/pokedex/full/851_f2.png
Clobbopus.png;https://assets.pokemon.com/assets/cms2/img/pokedex/full/852.png
Grapploct.png;https://assets.pokemon.com/assets/cms2/img/pokedex/full/853.png
Sinistea.png;https://assets.pokemon.com/assets/cms2/img/pokedex/full/854.png
Polteageist.png;https://assets.pokemon.com/assets/cms2/img/pokedex/full/855.png
Hatenna.png;https://assets.pokemon.com/assets/cms2/img/pokedex/full/856.png
Hattrem.png;https://assets.pokemon.com/assets/cms2/img/pokedex/full/857.png
Hatterene.png;https://assets.pokemon.com/assets/cms2/img/pokedex/full/858.png
Gigantamax Hatterene.png;https://assets.pokemon.com/assets/cms2/img/pokedex/full/858_f2.png
Impidimp.png;https://assets.pokemon.com/assets/cms2/img/pokedex/full/859.png
Morgrem.png;https://assets.pokemon.com/assets/cms2/img/pokedex/full/860.png
Grimmsnarl.png;https://assets.pokemon.com/assets/cms2/img/pokedex/full/861.png
Gigantamax Grimmsnarl.png;https://assets.pokemon.com/assets/cms2/img/pokedex/full/861_f2.png
Obstagoon.png;https://assets.pokemon.com/assets/cms2/img/pokedex/full/862.png
Perrserker.png;https://assets.pokemon.com/assets/cms2/img/pokedex/full/863.png
Cursola.png;https://assets.pokemon.com/assets/cms2/img/pokedex/full/864.png
Sirfetch'd.png;https://assets.pokemon.com/assets/cms2/img/pokedex/full/865.png
Mr. Rime.png;https://assets.pokemon.com/assets/cms2/img/pokedex/full/866.png
Runerigus.png;https://assets.pokemon.com/assets/cms2/img/pokedex/full/867.png
Milcery.png;https://assets.pokemon.com/assets/cms2/img/pokedex/full/868.png
Alcremie.png;https://assets.pokemon.com/assets/cms2/img/pokedex/full/869.png
Gigantamax Alcremie.png;https://assets.pokemon.com/assets/cms2/img/pokedex/full/869_f2.png
Falinks.png;https://assets.pokemon.com/assets/cms2/img/pokedex/full/870.png
Pincurchin.png;https://assets.pokemon.com/assets/cms2/img/pokedex/full/871.png
Snom.png;https://assets.pokemon.com/assets/cms2/img/pokedex/full/872.png
Frosmoth.png;https://assets.pokemon.com/assets/cms2/img/pokedex/full/873.png
Stonjourner.png;https://assets.pokemon.com/assets/cms2/img/pokedex/full/874.png
Eiscue Ice Face.png;https://assets.pokemon.com/assets/cms2/img/pokedex/full/875.png
Eiscue Noice Face.png;https://assets.pokemon.com/assets/cms2/img/pokedex/full/875_f2.png
Indeedee Male.png;https://assets.pokemon.com/assets/cms2/img/pokedex/full/876.png
Indeedee Female.png;https://assets.pokemon.com/assets/cms2/img/pokedex/full/876_f2.png
Morpeko Full Belly Mode.png;https://assets.pokemon.com/assets/cms2/img/pokedex/full/877.png
Morpeko Hangry Mode.png;https://assets.pokemon.com/assets/cms2/img/pokedex/full/877_f2.png
Cufant.png;https://assets.pokemon.com/assets/cms2/img/pokedex/full/878.png
Copperajah.png;https://assets.pokemon.com/assets/cms2/img/pokedex/full/879.png
Gigantamax Copperajah.png;https://assets.pokemon.com/assets/cms2/img/pokedex/full/879_f2.png
Dracozolt.png;https://assets.pokemon.com/assets/cms2/img/pokedex/full/880.png
Arctozolt.png;https://assets.pokemon.com/assets/cms2/img/pokedex/full/881.png
Dracovish.png;https://assets.pokemon.com/assets/cms2/img/pokedex/full/882.png
Arctovish.png;https://assets.pokemon.com/assets/cms2/img/pokedex/full/883.png
Duraludon.png;https://assets.pokemon.com/assets/cms2/img/pokedex/full/884.png
Gigantamax Duraludon.png;https://assets.pokemon.com/assets/cms2/img/pokedex/full/884_f2.png
Dreepy.png;https://assets.pokemon.com/assets/cms2/img/pokedex/full/885.png
Drakloak.png;https://assets.pokemon.com/assets/cms2/img/pokedex/full/886.png
Dragapult.png;https://assets.pokemon.com/assets/cms2/img/pokedex/full/887.png
Zacian Hero of Many Battles.png;https://assets.pokemon.com/assets/cms2/img/pokedex/full/888.png
Zacian Crowned Sword Forme.png;https://assets.pokemon.com/assets/cms2/img/pokedex/full/888_f2.png
Zamazenta Hero of Many Battles.png;https://assets.pokemon.com/assets/cms2/img/pokedex/full/889.png
Zamazenta Crowned Sheild Forme.png;https://assets.pokemon.com/assets/cms2/img/pokedex/full/889_f2.png
Eternatus.png;https://assets.pokemon.com/assets/cms2/img/pokedex/full/890.png
Eternamax Eternatus.png;https://assets.pokemon.com/assets/cms2/img/pokedex/full/890_f2.png
Kubfu.png;https://assets.pokemon.com/assets/cms2/img/pokedex/full/891.png
Urshifu Single Strike Style.png;https://assets.pokemon.com/assets/cms2/img/pokedex/full/892.png
Gigantamax Urshifu Single Strike Style.png;https://assets.pokemon.com/assets/cms2/img/pokedex/full/892_f2.png
Urshifu Rapid Strike Style.png;https://assets.pokemon.com/assets/cms2/img/pokedex/full/892_f3.png
Gigantamax Urshifu Rapid Strike Style.png;https://assets.pokemon.com/assets/cms2/img/pokedex/full/892_f4.png
Zarude.png;https://assets.pokemon.com/assets/cms2/img/pokedex/full/893.png
Dada Zarude.png;https://assets.pokemon.com/assets/cms2/img/pokedex/full/893_f2.png
Regieleki.png;https://assets.pokemon.com/assets/cms2/img/pokedex/full/894.png
Regidrago.png;https://assets.pokemon.com/assets/cms2/img/pokedex/full/895.png
Glastrier.png;https://assets.pokemon.com/assets/cms2/img/pokedex/full/896.png
Spectrier.png;https://assets.pokemon.com/assets/cms2/img/pokedex/full/897.png
Calyrex.png;https://assets.pokemon.com/assets/cms2/img/pokedex/full/898.png
Ice Rider Calyrex.png;https://assets.pokemon.com/assets/cms2/img/pokedex/full/898_f2.png
Shadow Rider Calyrex.png;https://assets.pokemon.com/assets/cms2/img/pokedex/full/898_f3.png
